-- MySQL dump 10.13  Distrib 5.7.20, for Win64 (x86_64)
--
-- Host: localhost    Database: project4db
-- ------------------------------------------------------
-- Server version	5.7.20-log

/*!40101 SET @OLD_CHARACTER_SET_CLIENT=@@CHARACTER_SET_CLIENT */;
/*!40101 SET @OLD_CHARACTER_SET_RESULTS=@@CHARACTER_SET_RESULTS */;
/*!40101 SET @OLD_COLLATION_CONNECTION=@@COLLATION_CONNECTION */;
/*!40101 SET NAMES utf8 */;
/*!40103 SET @OLD_TIME_ZONE=@@TIME_ZONE */;
/*!40103 SET TIME_ZONE='+00:00' */;
/*!40014 SET @OLD_UNIQUE_CHECKS=@@UNIQUE_CHECKS, UNIQUE_CHECKS=0 */;
/*!40014 SET @OLD_FOREIGN_KEY_CHECKS=@@FOREIGN_KEY_CHECKS, FOREIGN_KEY_CHECKS=0 */;
/*!40101 SET @OLD_SQL_MODE=@@SQL_MODE, SQL_MODE='NO_AUTO_VALUE_ON_ZERO' */;
/*!40111 SET @OLD_SQL_NOTES=@@SQL_NOTES, SQL_NOTES=0 */;

--
-- Table structure for table `article`
--

DROP TABLE IF EXISTS `article`;
/*!40101 SET @saved_cs_client     = @@character_set_client */;
/*!40101 SET character_set_client = utf8 */;
CREATE TABLE `article` (
  `idarticle` int(11) NOT NULL AUTO_INCREMENT,
  `article_name` varchar(45) NOT NULL,
  `text` varchar(10000) NOT NULL,
  `date_of_publication` date NOT NULL,
  `idperiodical` int(11) NOT NULL,
  PRIMARY KEY (`idarticle`),
  UNIQUE KEY `idarticle_UNIQUE` (`idarticle`),
  KEY `fk_article_periodical_idx` (`idperiodical`),
  CONSTRAINT `fk_article_periodical` FOREIGN KEY (`idperiodical`) REFERENCES `periodical` (`idperiodical`) ON DELETE NO ACTION ON UPDATE NO ACTION
) ENGINE=InnoDB AUTO_INCREMENT=36 DEFAULT CHARSET=utf8;
/*!40101 SET character_set_client = @saved_cs_client */;

--
-- Dumping data for table `article`
--

LOCK TABLES `article` WRITE;
/*!40000 ALTER TABLE `article` DISABLE KEYS */;
INSERT INTO `article` VALUES (1,'Quisque auctor','<p>Quisque auctor posuere erat, ac posuere ipsum pharetra eget. Nunc tincidunt tincidunt efficitur. Vivamus lorem nunc, accumsan rutrum libero vel, euismod pulvinar elit. Sed sed leo sed massa consectetur facilisis id pellentesque neque. Curabitur nec velit tempus, sollicitudin elit efficitur, suscipit sapien. Vivamus cursus, urna non pharetra semper, neque quam pellentesque mauris, nec bibendum lorem erat eget nisl. Suspendisse potenti. Nam et lacus sagittis, tincidunt est et, ornare urna. Suspendisse molestie non urna quis efficitur.</p><p>Cras malesuada urna a luctus eleifend. Fusce semper nunc in nisl congue imperdiet. Pellentesque sed eros semper, maximus eros in, feugiat erat. Nullam sed lectus lacus. Donec eget ipsum vitae dui hendrerit scelerisque. Maecenas efficitur scelerisque iaculis. Nulla ac metus quis orci luctus placerat. Suspendisse ultricies, mi at sagittis venenatis, nibh orci euismod quam, non auctor odio tortor in justo. Praesent tincidunt malesuada massa, a faucibus velit suscipit sed.</p><p>Fusce gravida maximus erat, sed dictum augue porttitor id. Mauris congue tortor ut porta convallis. Vivamus pellentesque a purus rutrum feugiat. Morbi gravida bibendum metus non pellentesque. Fusce in libero sed leo tincidunt laoreet. In auctor ipsum non nibh vestibulum iaculis. Donec condimentum nisi quis urna pellentesque, vitae consequat erat venenatis. Donec viverra diam in nulla ullamcorper, ac tempor turpis venenatis. Proin felis urna, consectetur efficitur euismod nec, mollis eu neque. Vestibulum eget arcu lorem. Mauris ut placerat ligula. Nulla eget odio sagittis, fermentum diam non, volutpat leo. Curabitur eget tincidunt turpis, non aliquet velit. Sed rutrum blandit purus at mollis. Donec eget cursus massa. Maecenas commodo odio ut erat pellentesque, id posuere odio posuere.</p><p>Orci varius natoque penatibus et magnis dis parturient montes, nascetur ridiculus mus. Mauris dignissim nunc metus, non consectetur justo porttitor sed. Quisque gravida felis elementum lorem mattis hendrerit. Nullam in nibh diam. Donec sed hendrerit ex, sit amet efficitur purus. Fusce egestas metus leo, vitae porta ligula porta quis. Aliquam lobortis, neque auctor eleifend cursus, dui risus consectetur risus, nec iaculis arcu leo vehicula quam. Nam sodales elit massa, vel rutrum felis gravida eu. Donec dui eros, dapibus vitae lobortis eget, dapibus nec nisl. Nullam vehicula lacus at felis efficitur feugiat. Nam ultricies fringilla sem, sed porta lectus tempus eget. Praesent vehicula lectus non fringilla interdum.</p><p>Nullam ornare diam non tortor accumsan fermentum. Etiam vitae lobortis eros, ut auctor diam. In tristique vulputate tellus, ut cursus nibh dignissim sit amet. Nulla facilisi. Vestibulum molestie malesuada risus ut molestie. Aenean varius quis enim eget vehicula. Sed dignissim mollis est, eget malesuada turpis cursus vel. Sed nibh nibh, pellentesque quis purus eu, venenatis maximus sapien. Aliquam leo sapien, cursus vitae elit nec, tincidunt vehicula turpis. Integer eu blandit metus. In suscipit faucibus scelerisque. Quisque vitae erat quis metus ultrices rhoncus. Pellentesque non ipsum at velit malesuada posuere id a dolor. Suspendisse porta magna eros, eget vulputate urna posuere quis. Aenean magna nisl, cursus eget erat ac, suscipit tincidunt mi. Donec nec blandit nisl.</p>','2017-01-02',1),(2,'Ut tortor','<p>Nullam id mollis neque. Donec egestas tortor at dui pretium, eget tristique nulla malesuada. Ut hendrerit pulvinar mi nec pretium. Sed sit amet pharetra turpis. Nullam iaculis pulvinar mollis. Donec sagittis urna magna. Etiam dignissim sollicitudin justo, vitae maximus lectus dapibus sit amet. Suspendisse id dapibus ante. Suspendisse potenti. Proin a blandit mi, id vehicula turpis.</p><p>Donec massa libero, dictum eu nibh sit amet, rutrum elementum odio. Nunc sapien justo, congue sit amet risus nec, laoreet consectetur elit. Nam iaculis suscipit ligula, vel commodo purus dictum sit amet. Nulla facilisi. Ut congue quam mauris, eu suscipit libero efficitur vitae. Etiam et aliquam lectus. Suspendisse consequat maximus erat vel dictum. Lorem ipsum dolor sit amet, consectetur adipiscing elit. Maecenas porta quis massa eu sollicitudin. Nulla porta nisi ac quam dignissim pellentesque. Etiam tincidunt dui ex, eget fermentum velit sodales et. Vivamus placerat odio urna, a viverra leo fermentum sed. Vivamus tempus sed augue non euismod. Vestibulum elementum justo quam, blandit commodo quam vulputate ac. Morbi condimentum, augue sit amet ullamcorper euismod, augue ipsum varius dui, quis tincidunt felis lorem accumsan lacus. Aliquam ullamcorper luctus tortor sed porta.</p><p>Donec lectus justo, condimentum at blandit id, ullamcorper aliquet lectus. Nunc maximus aliquet tellus, vel iaculis nisl. Morbi porttitor, massa quis euismod aliquet, dolor tellus volutpat tellus, nec scelerisque lacus tellus efficitur quam. In egestas viverra fringilla. Curabitur porttitor, libero at suscipit eleifend, sapien nunc consectetur elit, sed volutpat quam tortor nec lorem. Praesent feugiat augue vitae ex volutpat feugiat. Sed suscipit sollicitudin efficitur. Cras nunc quam, convallis nec malesuada a, finibus sit amet nisl. Integer bibendum dictum imperdiet. Vivamus feugiat, nisl id malesuada lobortis, felis enim pretium neque, ut convallis mauris nibh vitae lectus. Etiam iaculis sollicitudin nibh et egestas. In mollis, orci sed tincidunt egestas, nisi nisi sagittis dui, non fermentum ante turpis vitae nisi.</p><p>Praesent feugiat nisi suscipit nulla gravida tincidunt. Duis ut nisi condimentum justo vehicula sodales. Aliquam in eleifend augue, non accumsan mauris. Morbi non imperdiet augue. Curabitur eu ante ac lectus vestibulum faucibus. In pulvinar lorem metus. Vestibulum mattis quis justo a dapibus.</p><p>Pellentesque facilisis efficitur lectus, sed ornare lacus faucibus non. Mauris turpis leo, finibus in posuere nec, fermentum vitae dolor. Praesent eu lorem euismod nulla lobortis rhoncus. Maecenas faucibus in ex at molestie. Nunc mi arcu, auctor at facilisis et, tempus in eros. Suspendisse vel finibus arcu. Proin nec risus sit amet ex luctus lobortis. Donec nunc neque, tincidunt vel purus id, mollis convallis sapien. Nullam tristique augue ac molestie malesuada. Proin eu tincidunt elit, sed accumsan leo. Etiam commodo erat augue, at pellentesque arcu fringilla scelerisque.</p><p>Ut congue consequat est, at vestibulum lacus. Aliquam tempor, tellus nec luctus semper, ante mi sodales elit, et accumsan metus nisl sit amet tellus. Maecenas congue consequat mollis. Vestibulum iaculis at metus ut consectetur. Quisque scelerisque, purus at tempus pharetra, justo lorem lobortis enim, sed mattis leo lorem eget enim. Sed viverra scelerisque dui, ut dictum sapien sollicitudin nec. In efficitur arcu non enim lacinia malesuada. Vestibulum in sem sit amet erat convallis mattis at non lectus. Nullam posuere enim eu tempor dictum. Donec congue justo sit amet odio lobortis finibus. In rhoncus id mauris ut facilisis. Nam aliquet turpis non odio fringilla interdum. Nulla imperdiet nisl nec rhoncus fermentum. Donec vitae nunc egestas, pretium mauris in, laoreet lacus. Nam quis neque non velit fringilla viverra nec ac diam. Suspendisse in mauris vulputate, faucibus purus a, scelerisque sapien.</p><p>Vivamus et pretium tellus, in finibus est. Donec et lorem pharetra dolor ultrices imperdiet quis vitae lectus. Donec sed ex non nisl rutrum cursus eget et nisi. Nunc venenatis viverra orci, ac varius odio sollicitudin quis. Integer ultricies diam eget orci maximus posuere. Ut maximus, sapien et luctus hendrerit, sapien mauris luctus nisl, eu hendrerit nibh lectus eget purus. Ut dictum eu risus at viverra. In id venenatis elit. Aliquam imperdiet ex eu ornare placerat. Sed purus est, vulputate vitae ex non, aliquam hendrerit eros. Nam at blandit ligula, eget ultrices tortor. Aliquam ullamcorper malesuada lacus a mattis. Suspendisse nec tellus sollicitudin lectus interdum pulvinar. Nulla facilisi.</p>','2017-05-23',1),(3,'Morbi ','<p>Curabitur viverra efficitur molestie. Integer et erat feugiat leo interdum volutpat vitae ut leo. Fusce sagittis feugiat ipsum quis tincidunt. Etiam sed arcu velit. Nullam eu sapien faucibus, finibus lectus ac, consectetur sem. Suspendisse tristique nibh a felis porttitor, a ornare dui consectetur. Sed tempor eget arcu porta facilisis. In et nibh nulla. Proin iaculis accumsan augue, nec malesuada nulla tempor in. Donec non turpis nec sem dictum rhoncus ut nec dui. Sed mollis est vel nisl tempor, sed rutrum nulla vehicula. Duis a nisi sodales, volutpat nulla sit amet, eleifend purus.</p><p></p><p>Pellentesque eleifend dignissim tellus eu accumsan. Maecenas id hendrerit urna, at lacinia erat. Aliquam sit amet ipsum turpis. Sed laoreet nisl non urna fringilla sodales. Phasellus ac tristique leo, eget accumsan justo. Phasellus ac sapien urna. Mauris maximus felis eget accumsan iaculis. Donec sit amet semper velit. Quisque aliquam vulputate lectus dignissim fringilla. In hac habitasse platea dictumst. Fusce lobortis, justo a pretium sagittis, neque velit mattis mauris, sed gravida arcu mauris a orci. Morbi sollicitudin velit id enim bibendum, eu tristique ligula rhoncus.</p><p></p><p>Pellentesque porttitor dolor sit amet lorem rhoncus fermentum. Fusce egestas libero non justo consectetur tempor. Donec in felis et urna pharetra tempor ut sed mauris. Aenean ullamcorper varius vestibulum. Nullam rhoncus tincidunt elementum. Integer nec eros ex. Cras mattis purus viverra ex hendrerit iaculis. Vestibulum dignissim venenatis ante maximus euismod. In vestibulum tellus a nunc dignissim, eu posuere diam sagittis. Cras ut viverra orci, nec elementum turpis. In mollis ante sed consectetur luctus. Nullam accumsan risus id dolor pretium aliquet. Class aptent taciti sociosqu ad litora torquent per conubia nostra, per inceptos himenaeos. Duis vestibulum metus nec iaculis venenatis. Integer blandit scelerisque lorem eu aliquam.</p><p></p><p>Sed sodales tincidunt turpis, id vehicula ligula placerat sit amet. Duis eget blandit enim. Nullam ac nulla metus. Duis est lacus, ullamcorper vel aliquam consectetur, dapibus id libero. Donec quis dui turpis. Vestibulum sit amet augue in felis pretium consequat at eu dolor. Nullam et libero consequat, tristique tellus a, lacinia dui. Quisque venenatis aliquet tortor ac hendrerit. Nulla blandit mauris urna, eu interdum dolor elementum ut. Curabitur posuere vitae dolor sed consequat. Nulla urna lacus, pharetra ut feugiat eget, ultricies vel neque. Pellentesque id enim sodales, lacinia lectus vel, rhoncus nisi.</p><p></p><p>Proin vel sollicitudin sem. Vestibulum rutrum porttitor odio vel euismod. Aenean ut ante sagittis, pellentesque arcu at, posuere dui. Suspendisse et varius purus. Curabitur congue et lectus non varius. In eleifend felis sem, quis aliquet sapien tempor quis. Phasellus feugiat tincidunt tincidunt.</p><p></p><p>Curabitur bibendum scelerisque commodo. Nulla ac scelerisque est, sed vehicula odio. Integer ac viverra leo, ac tincidunt eros. Sed ultricies ultricies ante vel blandit. Mauris eleifend augue vel tempor porta. Aenean fringilla ornare purus. Integer in mattis orci. Maecenas rhoncus dapibus nibh, egestas tempus ipsum venenatis id. Mauris a odio sed justo dapibus efficitur.</p><p></p><p>Aenean pretium tristique tortor, quis porta risus feugiat non. Praesent consequat dignissim mi sed vestibulum. Proin et dictum ipsum. Sed maximus arcu congue, venenatis nunc vitae, eleifend sapien. Fusce condimentum nunc eget augue convallis, egestas aliquam felis mattis. Ut in congue felis. Aenean vestibulum ultrices condimentum. Integer consectetur ac arcu rhoncus iaculis. Pellentesque eleifend imperdiet est, ac dapibus nulla consectetur eget.</p><p></p><p>Aenean suscipit augue quis diam consequat, eu vehicula mauris pellentesque. Phasellus sed augue semper, tincidunt lorem eu, maximus dui. Sed vel ligula faucibus, vehicula nisi at, convallis felis. Nulla finibus tincidunt vestibulum. Phasellus quis bibendum purus. Donec porta molestie nunc eget egestas. Aliquam vitae turpis sit amet urna facilisis scelerisque nec et dolor.</p>','2018-01-07',1),(4,'Proin ornare','<p>Vivamus tincidunt nulla a est suscipit, sed mattis massa pulvinar. Nunc imperdiet ac eros eu semper. Curabitur id sem metus. Sed ut viverra dolor. Curabitur malesuada hendrerit enim id congue. Sed non orci id magna rhoncus fringilla. Nam porttitor ultrices ex, rhoncus ornare odio vehicula finibus. Donec eget magna et turpis ultricies tristique at nec lorem. Ut efficitur quam eget feugiat fringilla. Phasellus nibh ipsum, maximus iaculis massa a, pretium eleifend nunc. Vestibulum a placerat risus, ac consequat eros. Nulla eleifend ullamcorper dui sit amet consequat. Curabitur vitae ante nec nisi porttitor fermentum. Vestibulum tincidunt velit eu ipsum imperdiet sodales eu tempus eros. Vivamus feugiat leo quam, id lobortis metus dictum in. Interdum et malesuada fames ac ante ipsum primis in faucibus.</p><p></p><p>Sed gravida lacus sit amet enim efficitur, at lacinia tortor semper. Mauris ultricies venenatis porttitor. Integer congue orci eu leo ornare interdum. Nulla a nisi nec turpis tempor rutrum vitae at mauris. Nam vehicula orci urna, et convallis diam lacinia vitae. Aliquam blandit eros vitae laoreet maximus. Nullam elit ex, condimentum quis quam nec, dictum mattis ante. Sed in cursus velit. Mauris quis nunc in magna sollicitudin tincidunt ac et nisi. Aliquam ut ipsum nunc. Fusce quam diam, accumsan ut posuere ac, viverra sit amet massa. Nunc dignissim, neque consequat ullamcorper pulvinar, lectus nisl vehicula leo, vel molestie lectus sem eu quam. Vestibulum et lectus laoreet, egestas lacus sit amet, pretium tortor. Aenean eu nisl nec purus malesuada eleifend ut vulputate tortor. Morbi vel vehicula tellus.</p><p></p><p>Nunc blandit pretium congue. Phasellus volutpat, lectus vel lobortis dapibus, sem nisl varius mi, eget egestas magna orci sed nulla. Morbi dapibus diam libero, sed maximus nisi rhoncus a. Phasellus nisl purus, pellentesque id tempus ac, ullamcorper sit amet ante. Morbi tortor lorem, vestibulum a nulla a, vulputate scelerisque odio. Donec rhoncus maximus lorem, a pretium tortor sollicitudin ut. Integer ultrices arcu quam, in efficitur urna ultrices in. In hac habitasse platea dictumst.</p><p></p><p>Vestibulum eu leo convallis, lacinia lectus non, ornare nisi. Mauris vel consequat est. Praesent non vehicula lorem. Phasellus eget faucibus tellus. Curabitur neque metus, rutrum vulputate enim nec, malesuada lobortis augue. Nunc facilisis, velit vel bibendum efficitur, neque orci rutrum purus, at ultricies mauris justo vel eros. Sed venenatis nisi ut ipsum iaculis tempus. Phasellus cursus metus diam, sit amet luctus enim pellentesque sit amet. Cras vel enim tincidunt, blandit arcu sed, euismod libero. In scelerisque ornare turpis et congue. Maecenas ut dignissim risus, ultricies malesuada orci. Cras enim mi, tristique ac lectus sed, egestas pretium augue. Duis ex justo, malesuada eu felis nec, lobortis gravida lorem. Etiam at sem nibh. Duis ultrices, nunc ut blandit viverra, est eros aliquet mauris, sit amet mollis dui lacus vel metus. Nunc egestas congue turpis ac finibus.</p><p></p><p>Morbi scelerisque erat vel dolor viverra egestas. Vestibulum pellentesque et dui luctus varius. Nulla facilisi. Phasellus vitae venenatis tellus. Mauris commodo arcu at aliquet blandit. Vivamus urna urna, varius sed tempor id, gravida id quam. Integer fermentum sapien lectus, ac vestibulum magna tincidunt at. Pellentesque habitant morbi tristique senectus et netus et malesuada fames ac turpis egestas. Praesent viverra leo a eros bibendum, id congue diam feugiat. Nullam aliquet, magna ac consequat tempus, sapien nisi pellentesque quam, ut ornare nisl metus a dolor. Aliquam at commodo velit, non bibendum magna. Duis vulputate blandit ipsum, sit amet auctor lectus vestibulum eget. Morbi vehicula ex eu rutrum consectetur. Class aptent taciti sociosqu ad litora torquent per conubia nostra, per inceptos himenaeos. Phasellus in molestie ex. Vestibulum in feugiat odio, fringilla commodo urna.</p><p></p><p>Aliquam sed lectus quam. Quisque et enim massa. Phasellus at nibh vitae nisi condimentum sodales nec lacinia tortor. Quisque eu venenatis odio. Curabitur pharetra aliquam lorem varius consectetur. Donec varius, eros vel dapibus eleifend, purus augue facilisis metus, tempus auctor lacus nunc sed metus. Vivamus sit amet efficitur diam. Aliquam ac dignissim nisl.</p><p></p><p>Proin efficitur, quam eu hendrerit ultricies, nisl nibh sodales orci, et bibendum tortor turpis a felis. Ut euismod, velit eget varius accumsan, nulla diam pretium elit, et cursus turpis augue nec ipsum. Curabitur eget risus cursus, cursus orci vehicula, ornare elit. Aenean eleifend sit amet enim at euismod. Sed tincidunt eleifend leo condimentum bibendum. Sed sit amet volutpat magna. Sed tempus tristique maximus. Quisque sed ipsum quam. Curabitur rutrum lectus sit amet efficitur interdum. Pellentesque purus urna, vulputate bibendum mi non, venenatis vestibulum lectus. Sed nunc nibh, rutrum eget nulla quis, ultricies volutpat eros. Nulla sit amet condimentum erat. Aenean mollis elementum arcu, non vestibulum diam dictum id.</p>','2018-01-07',2),(5,'In hac habitasse','<p>Curabitur dictum nulla ac scelerisque maximus. Suspendisse dapibus erat id magna dignissim, eget vestibulum ex semper. Vestibulum aliquam massa odio, sed consequat nulla sagittis at. In et est pretium, auctor metus a, viverra nisl. Donec tristique ipsum et lacus convallis, a mattis ex ullamcorper. Etiam placerat ornare tellus, nec ultricies est faucibus id. Sed aliquam accumsan feugiat. Nunc sodales, mauris at tempor lacinia, mi sapien volutpat sapien, hendrerit dignissim dui orci eu nunc. Maecenas at orci vel erat molestie placerat faucibus vel tortor. Mauris porta elit consequat hendrerit aliquet. Nunc consectetur ut dui vel egestas. Pellentesque id leo hendrerit, blandit ante quis, aliquet metus. Sed ultricies, leo et molestie volutpat, dui quam pharetra nunc, sed suscipit metus nibh in eros. Praesent non urna rhoncus, lacinia risus eu, facilisis odio. Phasellus lectus purus, pellentesque eu enim ut, vehicula fringilla ante.</p><p></p><p>Integer massa odio, lacinia eget dui eget, convallis commodo eros. Donec sed turpis convallis ligula venenatis malesuada. Aenean condimentum volutpat purus. Sed tincidunt mi ut urna rutrum finibus. Vestibulum ante ipsum primis in faucibus orci luctus et ultrices posuere cubilia Curae; Nam eget tellus interdum, convallis enim et, euismod turpis. Mauris efficitur sapien nec sem mollis tincidunt. In ut iaculis ante. Mauris pretium quam at urna semper condimentum. Morbi tincidunt, neque a bibendum lacinia, metus arcu consequat mi, a placerat erat dolor eu risus. Integer facilisis turpis arcu, a auctor justo ultrices non. Curabitur aliquet ante quis ipsum bibendum, sit amet tempor lacus tristique. Fusce mollis, massa sit amet sodales ultricies, lacus urna lobortis justo, in convallis nulla massa sed mi. Pellentesque vitae quam posuere, convallis elit eu, iaculis massa. Aliquam quis nibh sit amet purus egestas sollicitudin finibus eget ex. Mauris mattis, libero ut vulputate sollicitudin, nunc dolor tincidunt mauris, eget tristique risus ante non neque.</p><p></p><p>Etiam at ultricies leo. Proin a velit vehicula, pretium tellus eget, pellentesque quam. Aenean rhoncus varius egestas. Nulla ex nisl, laoreet at vehicula ut, gravida efficitur lectus. Nunc vitae pharetra massa. Nunc vitae justo ex. Vestibulum faucibus eros vitae dolor tempor pulvinar. Nunc rhoncus neque eget metus blandit finibus. Pellentesque hendrerit purus eros, sit amet congue ante pellentesque quis.</p><p></p><p>Suspendisse vel maximus justo. Proin ultricies sapien porttitor, iaculis turpis quis, semper purus. Pellentesque consectetur nulla in tellus commodo malesuada. Praesent sollicitudin massa sem. Etiam venenatis ligula sapien, maximus viverra leo pellentesque cursus. Phasellus nisl nibh, tincidunt id massa eu, scelerisque vulputate felis. Nam a cursus ligula, a finibus felis. Sed ornare commodo elementum.</p><p></p><p>Sed commodo metus eget risus venenatis, id aliquet ipsum venenatis. Nulla mattis, eros quis vestibulum vestibulum, velit justo sodales est, sed vehicula metus erat vitae mi. Cras aliquet aliquam enim eu pellentesque. Nunc ultricies vulputate sem, eget ornare eros mattis sit amet. Maecenas ultricies scelerisque euismod. Integer vestibulum libero sapien, a condimentum odio congue nec. Sed at nulla placerat, laoreet sapien sit amet, rutrum odio. Pellentesque habitant morbi tristique senectus et netus et malesuada fames ac turpis egestas. Etiam vehicula fermentum felis, non fringilla nibh placerat id. Ut maximus semper neque. In tempus dictum justo sit amet iaculis. Pellentesque nulla enim, dapibus vel vehicula ac, faucibus et nibh. Curabitur dictum eu mi a fringilla. Maecenas aliquam, justo vel dignissim luctus, eros orci suscipit est, vel accumsan nunc dui vitae orci. Sed convallis orci arcu, vel lobortis magna aliquam sed. Nullam molestie, mauris in vestibulum mollis, erat tortor porta urna, quis laoreet magna risus ut tellus.</p><p></p><p>Praesent rutrum dui ultricies felis consectetur, non egestas enim ultrices. Nam pharetra sem massa, eget consectetur purus placerat non. Morbi luctus massa ex. In auctor dolor vitae ligula tristique mollis. In tincidunt quam sit amet lobortis condimentum. Sed rhoncus malesuada lacus id malesuada. Pellentesque posuere ut elit at blandit.</p><p></p><p>Suspendisse dignissim purus lectus. Vivamus blandit, massa viverra semper lobortis, lacus velit dapibus ex, et pharetra purus dui vitae augue. Aliquam aliquet dapibus enim, vitae bibendum ante mattis in. Nunc gravida pulvinar est. Curabitur in felis eget metus auctor pharetra vitae sit amet augue. Ut condimentum cursus egestas. Aliquam eget est turpis. Cras blandit blandit felis et sodales. Vivamus a risus imperdiet, feugiat magna ut, luctus massa. Curabitur venenatis diam ac ante dapibus imperdiet. In rutrum nisl nec vehicula finibus. Sed dapibus efficitur mattis. Cras ullamcorper imperdiet tristique. Aliquam erat volutpat. Integer tempus mauris nunc, nec pulvinar eros cursus et.</p>','2018-01-07',4),(6,'Aliquam','<p>Pellentesque ultrices tincidunt lacus eu placerat. Ut in justo nec purus tempus maximus ac et magna. Cras pulvinar ac risus sed fringilla. Vivamus at arcu gravida odio ornare mollis. Praesent consectetur augue risus, nec euismod est iaculis tempor. Mauris eleifend arcu molestie rutrum condimentum. Quisque fermentum venenatis metus, nec bibendum lacus iaculis a.</p><p></p><p>Phasellus a sem tincidunt orci mollis venenatis vel nec elit. Duis sed tortor in sem bibendum mattis. Nullam sit amet nulla neque. Pellentesque habitant morbi tristique senectus et netus et malesuada fames ac turpis egestas. Proin lobortis turpis ac rhoncus pellentesque. Maecenas vehicula turpis a mi blandit, vel tristique lectus aliquet. Mauris dictum ultrices enim, quis hendrerit enim finibus sed. Etiam tempor risus sit amet sapien aliquet lacinia. Phasellus vel turpis imperdiet mi lacinia convallis. Nullam non ante sapien. Suspendisse eget mauris vitae turpis tempus malesuada. Maecenas malesuada ligula et elit pretium, vitae fermentum nisl placerat. Pellentesque habitant morbi tristique senectus et netus et malesuada fames ac turpis egestas.</p><p></p><p>Morbi eget orci sapien. Donec id justo dolor. Etiam commodo bibendum dictum. Suspendisse commodo, lectus eu molestie congue, dolor erat dapibus orci, vel dictum enim magna ac nulla. Vivamus ipsum mi, sagittis id egestas vel, rutrum in erat. Quisque scelerisque sapien maximus, viverra mauris ut, imperdiet quam. Sed pulvinar felis enim, vel ultricies tellus vulputate at.</p><p></p><p>Quisque id lacinia diam. Aenean varius maximus nisl, id egestas nibh varius et. Maecenas consequat eros tortor, a interdum nibh egestas vel. Fusce at venenatis eros, nec tristique mauris. In in orci sit amet ligula laoreet pulvinar. Praesent purus risus, venenatis sed neque facilisis, luctus tincidunt magna. Suspendisse a justo non est hendrerit maximus id eu mi. Nam luctus congue nisi, nec mollis elit. Nullam mattis felis sed semper pulvinar. Cras semper ultricies libero, in interdum mauris porttitor ut. Vivamus in urna bibendum, consequat felis ut, tincidunt quam. Proin vehicula ultrices commodo. Nulla in leo aliquam, gravida tellus et, suscipit neque. Etiam porta, turpis quis pellentesque suscipit, sapien tellus interdum sem, a faucibus enim neque eu turpis</p>','2018-01-07',4),(7,'Integer tincidunt','<p>Nunc maximus consequat bibendum. Nam nec viverra ligula. Nam lorem diam, blandit sed pulvinar scelerisque, pretium sed neque. Phasellus a molestie nisl. Nullam sed lacinia leo, ut dignissim arcu. Aliquam lobortis at erat et sagittis. Phasellus ultrices eros venenatis tristique vestibulum. Curabitur ultricies, enim eget iaculis placerat, nunc magna scelerisque neque, lobortis tristique enim augue sed diam. Vivamus dapibus ullamcorper velit, non vestibulum velit elementum at. In non condimentum felis, in gravida libero. In suscipit pellentesque erat sit amet tincidunt.</p><p></p><p>Praesent in placerat diam. Curabitur nec mauris vitae ante tincidunt volutpat quis eget nibh. Nulla facilisi. Vivamus quis magna lectus. In risus mi, rutrum nec scelerisque vel, dictum ac diam. Ut malesuada cursus ante a laoreet. Integer hendrerit a justo sed blandit. Donec pulvinar ullamcorper mi, id rhoncus nisi vestibulum ultricies. Nam at risus dui. Etiam leo arcu, suscipit eget placerat vitae, elementum malesuada libero. Duis aliquam, felis ac posuere vehicula, lacus sem eleifend ipsum, vitae varius orci diam et est. Aliquam tristique sapien nec pharetra ullamcorper. Donec laoreet eros aliquam lorem egestas rhoncus. Fusce mattis euismod orci eu auctor.</p><p></p><p>Vestibulum a sodales metus. Duis sodales laoreet purus, a maximus metus semper at. Integer vestibulum varius tellus eget dictum. Vivamus sagittis, metus sed euismod vestibulum, urna lacus molestie neque, sit amet pharetra justo odio at justo. Nam malesuada id dui id pharetra. Nulla facilisi. Vestibulum enim nibh, egestas id mi ac, blandit sagittis turpis. Nullam dignissim consequat ullamcorper. Cras elementum mauris a libero cursus, vitae viverra lectus tincidunt. Aenean at aliquet velit.</p><p></p><p>Quisque gravida ornare vulputate. Vivamus tincidunt risus mattis hendrerit ultricies. Ut varius facilisis mauris ut maximus. Pellentesque vitae turpis quis turpis dignissim imperdiet sit amet vitae mi. Vivamus ac purus ac enim elementum posuere non cursus purus. Etiam tincidunt elit ut sagittis varius. Pellentesque ipsum massa, accumsan a erat at, molestie vestibulum ipsum. Orci varius natoque penatibus et magnis dis parturient montes, nascetur ridiculus mus. Donec ac ornare nibh, eget bibendum felis.</p>','2018-01-07',4),(8,'Orci varius','<p>Sed in massa commodo, rhoncus ipsum a, pretium nisl. Donec diam velit, aliquet vitae elementum et, tristique pellentesque metus. Aenean gravida purus vitae mauris fringilla lobortis. Aenean malesuada dignissim ex, ac venenatis odio molestie ut. Donec interdum at augue interdum consequat. Etiam et tortor placerat, placerat nibh in, fringilla mauris. Phasellus nunc ipsum, lacinia ut purus et, lacinia elementum arcu. Praesent efficitur erat non libero gravida, quis tempor neque rutrum. Donec malesuada mi sit amet facilisis placerat. Morbi fermentum porttitor dui, scelerisque fermentum quam placerat eu. Sed viverra eget ligula ut laoreet. Pellentesque porttitor viverra arcu et consequat.</p><p></p><p>Praesent vitae lectus enim. Fusce feugiat sed nulla id vestibulum. Aenean ipsum nibh, porttitor in semper et, consequat in quam. Praesent ultricies neque ut viverra ultricies. Sed eu ex consectetur, lobortis magna eget, sagittis augue. Nulla aliquam vel leo in pharetra. Pellentesque odio risus, varius accumsan mi sit amet, dignissim aliquam sem. Mauris sed nisl ipsum. Maecenas a mauris a mi dapibus accumsan. Donec consectetur ex at orci convallis iaculis. Nulla ut viverra purus. Nunc eget est mi. Maecenas ac maximus lorem. Nulla interdum mollis est at cursus. Pellentesque ornare auctor dolor id rutrum.</p>','2018-01-07',4),(9,'Aenean','<p>Nulla feugiat magna sit amet diam elementum, in convallis metus dictum. Fusce fermentum ex in quam porttitor, et fringilla quam ullamcorper. Suspendisse viverra volutpat ex vel pellentesque. Integer mattis urna eget nisi iaculis, vel dignissim quam luctus. Maecenas viverra et enim vitae lacinia. Vestibulum elementum, lectus eu porttitor blandit, massa nisi vestibulum turpis, at venenatis magna augue ut turpis. Mauris pharetra varius sapien quis convallis. In hac habitasse platea dictumst. Etiam facilisis finibus facilisis. Vestibulum justo eros, viverra non dignissim a, ultricies a nisi. Integer sed venenatis elit. Pellentesque eleifend, ante vitae rutrum pharetra, ante enim hendrerit felis, vel dapibus turpis tellus pulvinar eros. Sed pellentesque finibus odio non rhoncus. Pellentesque id dignissim nisl. Cras mi orci, malesuada eget diam sit amet, vestibulum ultrices mi.</p><p></p><p>Donec sit amet elit a sapien ullamcorper semper vel vel justo. Duis in nulla mattis ligula convallis scelerisque sed nec massa. Nullam id fermentum sem. Duis semper sagittis tellus at semper. Nunc sed ultricies justo. Fusce fringilla ex nec neque aliquet, id posuere ex consequat. Fusce eget tristique nisi. Proin non tortor mattis, elementum eros dictum, hendrerit neque. Aliquam vestibulum, sapien sit amet laoreet vehicula, tortor metus tincidunt diam, eget cursus diam sem efficitur neque. Vivamus in consectetur dui. Proin convallis metus eu lorem efficitur, in tristique dolor dignissim. Nullam eget mollis felis.</p><p></p><p>Cras sed risus tincidunt, ullamcorper diam id, vulputate velit. Fusce tempor porttitor felis non convallis. Suspendisse eget tellus quam. Vivamus laoreet neque quis tortor laoreet sollicitudin. Vestibulum vestibulum sapien at turpis efficitur pharetra. Quisque rutrum congue lorem, at tincidunt ipsum laoreet semper. Donec dapibus vehicula tempor. Ut at mi ac enim convallis rhoncus. Nullam laoreet nulla id neque malesuada aliquet. Nullam sed nulla lobortis, tristique est in, aliquam augue. Class aptent taciti sociosqu ad litora torquent per conubia nostra, per inceptos himenaeos. Nulla risus dolor, pharetra id urna et, sodales gravida quam. Maecenas vitae interdum ex.</p>','2018-01-07',3),(10,'Donec volutpat','<p>Donec volutpat, lorem at vestibulum pharetra, lectus velit vestibulum elit, at porttitor nibh ex at ante. Phasellus at porta velit, in suscipit est. Donec congue, augue eget elementum pretium, sem velit porta metus, sed maximus metus ante at leo. Aliquam rhoncus, dolor eu sodales pulvinar, tortor quam rhoncus odio, vel aliquet turpis mi ac tellus. Orci varius natoque penatibus et magnis dis parturient montes, nascetur ridiculus mus. Vestibulum a suscipit eros, non efficitur sapien. Nullam vitae mi sit amet eros commodo tempor. Suspendisse tristique vulputate mollis.</p><p></p><p>Suspendisse potenti. Fusce fermentum malesuada imperdiet. Cras tincidunt ante sed arcu laoreet, ac vestibulum elit congue. Donec in ex quam. Aliquam sagittis faucibus nisi, sit amet mollis turpis varius fringilla. Vestibulum id elementum purus, at ornare sapien. Duis vitae arcu et enim ultrices elementum. Aliquam vitae nunc sagittis, euismod ante vitae, sollicitudin erat. Aenean vel facilisis tellus, vel congue lectus.</p><p></p><p>Praesent massa augue, commodo consequat nulla et, aliquam sollicitudin justo. Integer tempus felis a mauris luctus, non ornare ante tempus. Aliquam consequat mi vitae faucibus lacinia. In dapibus condimentum ante et semper. Maecenas sodales ante in arcu molestie scelerisque. Morbi vitae tempor augue. Donec ac odio odio. Cras ut maximus eros. Aliquam iaculis mollis ex, at porta elit imperdiet eget. Quisque mollis et dui eget pulvinar. Integer sit amet gravida tortor. Fusce convallis, elit ac tincidunt vestibulum, risus dui fringilla nulla, eget sagittis libero dui egestas dui. Donec fringilla condimentum facilisis.</p>','2018-01-07',3),(11,'Sed mollis','<p>Vivamus ultricies feugiat nunc, quis commodo enim laoreet in. Nullam maximus tristique justo, nec accumsan enim congue non. Mauris accumsan tincidunt ante, et ultricies libero mattis eu. Curabitur a pulvinar nisl, sed cursus purus. Suspendisse potenti. Nulla magna enim, dapibus at convallis pretium, tincidunt ut ipsum. Etiam ornare finibus elit, et iaculis odio sodales vitae.</p><p></p><p>Donec quis nisl sem. Nulla vel nunc mi. Proin tristique urna vitae lacus iaculis, ac lacinia orci maximus. Maecenas nec suscipit diam. Ut laoreet, erat tempor varius malesuada, metus elit luctus felis, cursus auctor dolor nulla non elit. Phasellus at elit posuere, euismod tortor et, aliquet odio. Donec eget nibh nec erat consectetur volutpat. Cras consequat, sapien et condimentum sagittis, magna odio tempor velit, eu rutrum tellus ipsum ut metus. Cras varius enim lorem, at ultricies augue ultrices sit amet. Nulla eu nisl pharetra, facilisis nunc sit amet, elementum lectus. Suspendisse dignissim non eros non malesuada.</p><p></p><p>Praesent ultricies tincidunt leo. Praesent vehicula, odio eu dignissim sodales, sem tellus pellentesque turpis, sed commodo tellus ipsum a odio. Etiam ut malesuada est. Quisque vitae placerat nulla. Pellentesque eu massa malesuada, convallis purus auctor, aliquet enim. Donec ac nisi in quam condimentum accumsan nec ut libero. Donec lobortis enim vitae dui faucibus, nec vehicula felis fringilla. Donec id nibh laoreet urna rutrum pulvinar. Aliquam vitae elit malesuada dolor malesuada cursus placerat vitae nisi. Duis sed sem nulla.</p><p></p><p>Sed pretium quam ipsum, et ornare ante pretium et. Duis pellentesque velit quis luctus vestibulum. Maecenas venenatis mollis elit eu dapibus. Aliquam sagittis vitae tellus a malesuada. Morbi sollicitudin gravida consectetur. Sed dignissim tellus a blandit ultrices. Sed nec dui odio. Suspendisse fringilla turpis id pulvinar congue. Aenean scelerisque accumsan mauris, vitae venenatis arcu vehicula sit amet. Class aptent taciti sociosqu ad litora torquent per conubia nostra, per inceptos himenaeos. Quisque vitae pharetra nisi, vel pretium mi. Mauris at pharetra odio. Nullam at nunc pulvinar nunc pulvinar placerat id facilisis tortor. Etiam tristique imperdiet tortor sit amet eleifend.</p>','2018-01-07',3),(12,'Etiam vitae','<p>Praesent volutpat velit ut nunc imperdiet, sed accumsan sapien viverra. Proin ut erat mi. Maecenas magna felis, faucibus eu odio eget, sagittis convallis lectus. Duis sit amet lobortis lorem. Maecenas non libero blandit est egestas feugiat sed vel magna. In aliquet scelerisque ante, vel aliquet augue malesuada non. Integer ornare ante purus, ut rhoncus nisl tempor non.</p><p></p><p>Nunc laoreet, diam eu ullamcorper aliquam, neque tortor aliquet nunc, id pulvinar orci nunc porttitor tellus. Nulla sit amet metus quis mauris porta congue vitae eu sapien. Maecenas volutpat congue nulla a aliquam. Cras vitae pretium lectus, ut lacinia nibh. Etiam cursus laoreet eros, at congue nulla. Nullam non laoreet ex. Nullam ultrices tincidunt risus, a rhoncus tortor efficitur non. Morbi eu sapien enim. Morbi pellentesque dolor vitae tristique ullamcorper. Mauris ac ullamcorper metus. Phasellus at lectus eu magna pellentesque sollicitudin. Fusce sit amet molestie libero.</p><p></p><p>Etiam vel risus id eros pulvinar fringilla. Donec cursus a libero eget auctor. Vivamus a dolor vitae elit suscipit laoreet sed quis nibh. Nunc facilisis pretium neque, id ornare nulla dictum a. Nam dignissim ante eget lectus maximus efficitur. Maecenas vitae nulla eget felis ultricies egestas. Donec volutpat suscipit est venenatis facilisis. In vehicula arcu magna. Proin convallis et felis sit amet ullamcorper.</p><p></p><p>Phasellus lorem nulla, bibendum eget ex a, auctor accumsan tellus. Integer sed sapien venenatis, dictum ante in, efficitur justo. Cras tellus augue, imperdiet a bibendum in, accumsan ac purus. In et bibendum orci. Suspendisse non aliquam dolor. Integer imperdiet egestas velit dignissim congue. Sed rutrum ipsum quis felis vulputate efficitur. Maecenas consequat, nunc quis varius dictum, enim odio tempus sem, quis interdum orci sem ac felis. Vestibulum ante ipsum primis in faucibus orci luctus et ultrices posuere cubilia Curae; Aliquam erat volutpat. Donec lobortis iaculis finibus. Maecenas blandit turpis eu hendrerit mollis.</p>','2018-01-07',3),(13,'Mauris convallis mauris','<p>Phasellus vitae imperdiet elit, a laoreet nisi. Nullam porttitor vestibulum mi eu malesuada. Phasellus velit magna, tincidunt id enim eu, blandit fringilla est. Aenean non lorem pellentesque, ullamcorper nisl ut, hendrerit mauris. Morbi mollis purus leo, a accumsan lacus gravida ut. Fusce a mollis urna. Integer blandit sollicitudin mi.</p><p></p><p>Nam vitae lacinia massa. Maecenas nec dolor at orci tincidunt lacinia sit amet nec sapien. Vivamus rhoncus massa arcu, ac ultricies nulla dignissim ultricies. Mauris interdum rhoncus lacus. Vivamus eros metus, vulputate sed sodales non, bibendum id nisi. Aliquam lacinia, nisi quis facilisis laoreet, neque tellus volutpat libero, non ultricies metus ante sed sapien. Nam enim quam, pharetra varius bibendum non, auctor ut velit. Morbi quis sem metus. Phasellus ut nisi facilisis, tristique ipsum quis, faucibus ex. Sed scelerisque risus sit amet nisi varius dignissim. Integer luctus laoreet quam.</p><p></p><p>Nulla sed libero eros. Duis ullamcorper rutrum neque, sed tincidunt ante iaculis in. Nunc a interdum augue. Pellentesque ac efficitur purus, in rutrum orci. Maecenas eget malesuada arcu. Suspendisse eleifend bibendum elit vel rhoncus. Sed in scelerisque ex. Fusce dignissim, eros eget posuere cursus, tortor magna mattis orci, vel sodales neque dolor eget urna. Suspendisse potenti.</p>','2018-01-07',3),(14,'Phasellus iaculis','<p>Vivamus gravida cursus purus, nec elementum neque gravida cursus. Quisque consectetur lacus nisi, nec sodales diam venenatis vitae. Aliquam lobortis leo ac ipsum aliquet feugiat. Etiam cursus urna nec arcu rhoncus, ac mollis mauris ultricies. Integer in placerat eros, vel congue augue. Vestibulum ex nulla, sodales ac aliquet interdum, commodo vitae velit. Proin ut commodo nisi.</p><p></p><p>Aenean consequat nisl vitae nisi accumsan, ac sollicitudin tortor tristique. Suspendisse potenti. Nam quis quam euismod tellus hendrerit sodales. Vestibulum vitae dapibus tortor. Fusce in rutrum diam. Mauris condimentum, quam vitae lobortis vehicula, lectus nisl vestibulum magna, vel eleifend leo nulla non ipsum. Pellentesque eget neque at lectus dignissim fermentum nec sit amet ante. Vestibulum ac dui quis nisl tincidunt aliquam. Donec vestibulum metus tortor, sed tincidunt ex mollis imperdiet. Donec sollicitudin leo ex, eu interdum nisi luctus nec. Aliquam sollicitudin luctus dui imperdiet tempor. Donec gravida est ac ipsum semper, at elementum libero luctus. Curabitur sed ante velit. Nullam eget velit sagittis, cursus dui et, iaculis tellus. Duis orci nunc, condimentum eu tincidunt et, hendrerit id nisl. Donec pretium nulla nisi, non laoreet nibh tempor et.</p><p></p><p>Praesent quis gravida dui, in ullamcorper risus. Ut eget metus enim. Aenean convallis euismod auctor. In euismod placerat lobortis. Nullam rutrum mauris finibus, vulputate ligula pellentesque, pharetra diam. Integer vitae velit et mi blandit tempus quis sed felis. Proin pretium aliquet ante sit amet malesuada. Lorem ipsum dolor sit amet, consectetur adipiscing elit. Etiam tempus ultricies ornare. Sed feugiat arcu blandit urna suscipit, ut aliquet arcu condimentum. Sed mauris massa, posuere vel consectetur at, hendrerit a nisi. Vivamus ipsum ipsum, placerat ut commodo non, fringilla a orci. Duis sit amet dui ligula. Vivamus consectetur faucibus malesuada.</p>','2018-01-07',3),(15,'Vivamus odio','<p>Vestibulum sollicitudin tempus leo, at tempor erat pretium ac. Duis at felis sapien. Proin tempus dui sem, id ultrices ligula varius at. Phasellus hendrerit tincidunt risus, et ullamcorper lectus placerat sed. Sed eu facilisis nunc. Suspendisse elit eros, ullamcorper in magna ac, egestas ultricies mauris. Nulla ultricies mauris ligula, ac viverra elit feugiat semper. Integer in risus ligula. Ut leo nulla, tempor ac mi a, eleifend semper justo. Donec felis quam, pharetra id tempor eget, luctus nec felis. Suspendisse at risus sed erat vulputate efficitur. Sed eu eros sed nisl viverra euismod. Fusce sagittis gravida augue, eu facilisis metus fermentum eu. Praesent non euismod erat. Duis vitae venenatis nibh.</p><p></p><p>Nunc tincidunt venenatis ultrices. Vestibulum feugiat sapien nec ligula luctus, eget dapibus purus elementum. Nullam molestie luctus dolor, sit amet blandit eros auctor a. Duis quis pretium ipsum. Vestibulum scelerisque placerat diam. Phasellus venenatis, orci non semper faucibus, turpis lacus dapibus velit, ac cursus sapien urna commodo turpis. Suspendisse nec augue purus. Curabitur porta, urna eget egestas pretium, mi eros rutrum ex, a finibus arcu dolor sed dui. Ut ultrices, odio in scelerisque sagittis, eros quam mollis sapien, nec consectetur elit mi quis massa. Pellentesque habitant morbi tristique senectus et netus et malesuada fames ac turpis egestas. Integer rhoncus ex augue, in rhoncus lorem aliquet quis. Cras neque lectus, blandit ac purus nec, rhoncus mollis arcu. Duis viverra erat sed ipsum finibus, vitae rhoncus risus vulputate.</p><p></p><p>Cras porttitor porta est eget efficitur. Sed sed justo quis ipsum finibus tincidunt. Ut a justo arcu. Donec luctus nibh a diam vestibulum, id tincidunt risus porta. Vivamus arcu nunc, ultricies vitae lacus ut, porta suscipit leo. Donec porttitor malesuada ultricies. Donec lobortis, nulla sit amet suscipit vehicula, leo erat molestie mauris, et mollis enim metus efficitur mi.</p><p></p><p>Proin elementum velit id tellus condimentum gravida. Etiam at porttitor eros. Praesent rutrum, dui nec sodales blandit, sapien arcu molestie nisl, non varius lectus augue at enim. Vestibulum a ipsum ut metus vulputate facilisis. Fusce non sapien libero. Sed aliquet accumsan facilisis. Donec consectetur orci ullamcorper lacus lobortis vulputate. Vestibulum ut est massa. Sed non porttitor justo. Praesent ultrices pharetra facilisis. Mauris eget metus venenatis, tristique lectus sed, faucibus nibh. Cras feugiat, lectus sed iaculis semper, libero eros molestie nibh, nec imperdiet nulla lacus at metus. Donec eros justo, tempus ac viverra et, maximus a nisi.</p><p></p><p>Aenean tempus, nisl fermentum imperdiet vestibulum, mi dui sagittis nunc, luctus consectetur dui risus sed tellus. Nulla sit amet dictum nulla, vitae molestie nisi. Vestibulum sit amet mi in quam ullamcorper eleifend. Donec porta sollicitudin arcu sed interdum. Nullam vestibulum sapien risus, eu volutpat nibh ornare vitae. Donec hendrerit convallis risus in venenatis. Nullam a nunc ex. Pellentesque porttitor ultrices justo et pellentesque. Vestibulum fermentum sollicitudin metus, vitae interdum erat dapibus eu. Mauris nec arcu venenatis, bibendum odio ut, bibendum metus. Vivamus non orci nibh. Cras congue dui eu odio suscipit posuere. Cras lorem dui, tristique eget nunc at, tincidunt efficitur urna. Nulla in purus in arcu lobortis finibus.</p><p></p><p>Maecenas aliquet consequat rutrum. Mauris sed massa sem. Pellentesque pretium hendrerit facilisis. Aenean lacinia eu lorem ut faucibus. Vivamus mattis felis turpis, nec rutrum lacus rutrum sit amet. Nunc commodo et neque ac porta. Donec non nisi justo.</p>','2018-01-12',9),(16,'Morbi dignissim','<p>In interdum justo turpis, ac luctus ante tempor vel. Nulla nec dui blandit massa lobortis vulputate sed et ipsum. Aliquam volutpat scelerisque iaculis. Praesent et tempor quam. Integer nisl urna, tincidunt id placerat id, aliquet eu diam. Ut cursus arcu odio. Suspendisse non laoreet mauris, nec aliquet enim. Mauris aliquam, turpis vitae sodales tempus, dui ex tempor ipsum, eu rutrum purus justo feugiat augue.</p><p></p><p>Donec nunc odio, dignissim quis vestibulum nec, tempor at enim. Curabitur sed diam vitae lacus hendrerit viverra. Quisque ipsum justo, mollis quis auctor eget, egestas id velit. Nam suscipit sem sit amet vehicula egestas. Integer eget interdum ante. Nam in metus vitae nisl consequat auctor non sit amet metus. In lobortis velit sed ante cursus, sed malesuada lorem ornare. Phasellus dapibus ipsum vel nisi congue vulputate. Sed placerat, orci vel cursus laoreet, ex dui ultricies nunc, et dapibus sem massa et tellus. Sed dictum ante magna, at aliquam turpis vehicula sed. Sed quam mauris, ullamcorper posuere fringilla vitae, luctus a ex. Suspendisse sit amet felis eget massa dapibus mattis ac ac mi. Sed fermentum eget velit eu ornare.</p><p></p><p>Mauris sed nulla non risus vestibulum pharetra. Mauris hendrerit dignissim egestas. Duis elementum consequat gravida. Morbi consectetur porta odio, vitae mollis quam ultrices eu. Quisque velit tortor, venenatis eget lectus in, luctus consequat tellus. Vestibulum tincidunt ante nec diam vehicula fermentum. Ut vel mattis nibh. Pellentesque sed arcu non magna lobortis dignissim eu nec dolor. Vestibulum vitae porta turpis. Curabitur ut purus at diam dignissim commodo et at ante.</p><p></p><p>Interdum et malesuada fames ac ante ipsum primis in faucibus. Lorem ipsum dolor sit amet, consectetur adipiscing elit. Etiam ac vulputate erat. Vestibulum eget laoreet lacus. In hac habitasse platea dictumst. Pellentesque tristique malesuada elit, et viverra erat dignissim ut. Praesent at egestas odio. Vivamus a consequat erat, non gravida velit. Sed magna metus, facilisis sit amet felis feugiat, ornare scelerisque mi. Sed hendrerit lacus risus, ac vestibulum metus faucibus nec. Nam metus urna, finibus sed tortor at, eleifend placerat turpis. Curabitur quis nisi ut magna bibendum sagittis. Ut tempor est ut quam varius, vestibulum gravida diam imperdiet. Suspendisse imperdiet consectetur lectus, vitae ullamcorper erat vehicula sit amet. Praesent congue nisi risus, vitae iaculis ex sodales id. Aenean non neque orci.</p><p></p><p>Aliquam porta tincidunt fringilla. Donec rhoncus a massa sed sollicitudin. Phasellus lacinia nec purus non lobortis. Ut viverra vehicula nisl at rutrum. Curabitur sed maximus magna. Nam eget lorem in purus imperdiet sollicitudin ac vitae lorem. Nunc laoreet magna ac enim lacinia maximus. Nullam auctor mollis eros in malesuada. Mauris lacinia, dolor eu bibendum rutrum, leo felis venenatis ipsum, ac placerat tortor quam in lacus. Pellentesque aliquet varius elementum. Nulla nec neque sagittis, pulvinar est a, accumsan elit. Nunc in mauris molestie, vulputate justo ut, maximus lectus. Proin dignissim convallis diam, id varius leo sodales a.</p><p></p><p>Phasellus eu eros placerat, consequat metus sit amet, gravida urna. Donec posuere, urna vel euismod rhoncus, tortor purus elementum ex, vitae bibendum tortor justo eget lorem. Lorem ipsum dolor sit amet, consectetur adipiscing elit. Donec molestie tempus erat, quis feugiat elit congue et. Donec cursus bibendum tortor, ut pharetra augue eleifend non. Donec id convallis erat. Sed porta orci leo, et volutpat ligula ultrices vel. Nam congue aliquam velit eu tristique.</p><p></p><p>Vivamus mattis velit quis lorem pellentesque, sed lobortis sapien facilisis. In ut sagittis velit. Maecenas luctus aliquet mauris eu consectetur. Curabitur a facilisis nisl. Vivamus eu faucibus nulla. Proin elementum eros eu justo laoreet, eu laoreet purus ultrices. Aenean purus nibh, semper convallis ligula sit amet, placerat interdum sapien. Phasellus eu fringilla odio. Cras tempus eu purus sed ultricies.</p><p></p><p>Nam in justo posuere, ultricies ligula in, semper neque. Cras eget velit turpis. Donec sit amet sem et elit feugiat egestas eget vel eros. Vestibulum nec augue luctus, tempus nisl eget, maximus lacus. Sed in turpis non eros aliquet tincidunt nec eget justo. Lorem ipsum dolor sit amet, consectetur adipiscing elit. Aenean arcu mauris, egestas ut varius nec, ornare vitae augue. Aenean posuere cursus turpis eu pellentesque. Nulla vitae augue vitae leo placerat gravida. Mauris diam elit, convallis in erat eget, dictum sagittis augue. Aliquam vestibulum leo vitae egestas faucibus. Pellentesque lobortis maximus risus, sit amet malesuada arcu feugiat eget. Ut ac ex vitae leo fermentum faucibus a vel elit.</p><p></p><p>Curabitur id ex lorem. Sed auctor tortor eu aliquam placerat. Duis sed laoreet ligula. In iaculis libero ac dui pellentesque, vitae congue velit varius. Sed non aliquam nisl, et vulputate est. Sed luctus, justo id gravida ultricies, turpis sem scelerisque lectus, et sollicitudin mauris dolor vitae enim. Etiam et tristique massa, quis commodo magna. In gravida ligula quis ante lacinia egestas. Vivamus lectus elit, rhoncus ut ultrices vel, accumsan quis leo. Mauris nunc dui, rutrum vel felis et, fermentum tristique nisl. Etiam semper nibh vel finibus pellentesque.</p><p></p><p>Suspendisse a egestas ipsum, at commodo magna. Orci varius natoque penatibus et magnis dis parturient montes, nascetur ridiculus mus. Quisque turpis augue, cursus nec erat ac, interdum mattis orci. Donec quis purus at urna volutpat convallis at nec est. Maecenas sagittis, velit eget convallis maximus, nibh nibh dignissim ante, vitae laoreet nunc velit in libero. Etiam in auctor purus, at auctor est. Nullam eget neque imperdiet, interdum ante vel, bibendum risus. Phasellus sit amet justo at dui facilisis efficitur cursus a neque. Curabitur bibendum elit non tincidunt facilisis. Mauris sit amet velit blandit nisl mollis aliquet. Duis hendrerit nec lorem ut facilisis. Proin ornare orci vel ex ultrices gravida. Phasellus eget enim non massa luctus ullamcorper.</p><p></p><p>Pellentesque accumsan malesuada orci, at tincidunt tellus tincidunt sed. Aenean feugiat, eros gravida pellentesque interdum, eros leo rhoncus augue, et sollicitudin sem nunc et nunc. Vestibulum et odio commodo, condimentum libero nec, bibendum lacus. Nulla facilisi. Sed auctor dolor ipsum, vitae interdum dolor dignissim vel. Nulla lacinia quis ex et dictum. Fusce fringilla id purus vitae dictum. Quisque finibus ante id risus mattis, sed scelerisque dui sodales.</p>','2018-01-13',1),(19,'Aliquam ','<p>Phasellus eu eros placerat, consequat metus sit amet, gravida urna. Donec posuere, urna vel euismod rhoncus, tortor purus elementum ex, vitae bibendum tortor justo eget lorem. Lorem ipsum dolor sit amet, consectetur adipiscing elit. Donec molestie tempus erat, quis feugiat elit congue et. Donec cursus bibendum tortor, ut pharetra augue eleifend non. Donec id convallis erat. Sed porta orci leo, et volutpat ligula ultrices vel. Nam congue aliquam velit eu tristique.</p><p></p><p>Vivamus mattis velit quis lorem pellentesque, sed lobortis sapien facilisis. In ut sagittis velit. Maecenas luctus aliquet mauris eu consectetur. Curabitur a facilisis nisl. Vivamus eu faucibus nulla. Proin elementum eros eu justo laoreet, eu laoreet purus ultrices. Aenean purus nibh, semper convallis ligula sit amet, placerat interdum sapien. Phasellus eu fringilla odio. Cras tempus eu purus sed ultricies.</p><p></p><p>Nam in justo posuere, ultricies ligula in, semper neque. Cras eget velit turpis. Donec sit amet sem et elit feugiat egestas eget vel eros. Vestibulum nec augue luctus, tempus nisl eget, maximus lacus. Sed in turpis non eros aliquet tincidunt nec eget justo. Lorem ipsum dolor sit amet, consectetur adipiscing elit. Aenean arcu mauris, egestas ut varius nec, ornare vitae augue. Aenean posuere cursus turpis eu pellentesque. Nulla vitae augue vitae leo placerat gravida. Mauris diam elit, convallis in erat eget, dictum sagittis augue. Aliquam vestibulum leo vitae egestas faucibus. Pellentesque lobortis maximus risus, sit amet malesuada arcu feugiat eget. Ut ac ex vitae leo fermentum faucibus a vel elit.</p><p></p><p>Curabitur id ex lorem. Sed auctor tortor eu aliquam placerat. Duis sed laoreet ligula. In iaculis libero ac dui pellentesque, vitae congue velit varius. Sed non aliquam nisl, et vulputate est. Sed luctus, justo id gravida ultricies, turpis sem scelerisque lectus, et sollicitudin mauris dolor vitae enim. Etiam et tristique massa, quis commodo magna. In gravida ligula quis ante lacinia egestas. Vivamus lectus elit, rhoncus ut ultrices vel, accumsan quis leo. Mauris nunc dui, rutrum vel felis et, fermentum tristique nisl. Etiam semper nibh vel finibus pellentesque.</p><p></p><p>Suspendisse a egestas ipsum, at commodo magna. Orci varius natoque penatibus et magnis dis parturient montes, nascetur ridiculus mus. Quisque turpis augue, cursus nec erat ac, interdum mattis orci. Donec quis purus at urna volutpat convallis at nec est. Maecenas sagittis, velit eget convallis maximus, nibh nibh dignissim ante, vitae laoreet nunc velit in libero. Etiam in auctor purus, at auctor est. Nullam eget neque imperdiet, interdum ante vel, bibendum risus. Phasellus sit amet justo at dui facilisis efficitur cursus a neque. Curabitur bibendum elit non tincidunt facilisis. Mauris sit amet velit blandit nisl mollis aliquet. Duis hendrerit nec lorem ut facilisis. Proin ornare orci vel ex ultrices gravida. Phasellus eget enim non massa luctus ullamcorper.</p><p></p><p>Pellentesque accumsan malesuada orci, at tincidunt tellus tincidunt sed. Aenean feugiat, eros gravida pellentesque interdum, eros leo rhoncus augue, et sollicitudin sem nunc et nunc. Vestibulum et odio commodo, condimentum libero nec, bibendum lacus. Nulla facilisi. Sed auctor dolor ipsum, vitae interdum dolor dignissim vel. Nulla lacinia quis ex et dictum. Fusce fringilla id purus vitae dictum. Quisque finibus ante id risus mattis, sed scelerisque dui sodales.</p><p></p><p>Nam a ligula at felis posuere lacinia id eu dui. In mi urna, euismod quis porta ut, sodales sit amet dui. Phasellus vitae condimentum nisi. Cras non eros leo. Pellentesque hendrerit tortor lorem, a pharetra neque aliquet non. Mauris imperdiet eget nulla quis efficitur. Aliquam luctus euismod cursus. Quisque ut ex finibus, convallis leo eget, rutrum tellus. Aenean tempus pretium volutpat. Phasellus in mauris dignissim, tristique lorem vitae, mattis tortor. Nulla facilisi. Sed ac elit sed erat scelerisque auctor eu vitae dolor. Vestibulum elementum ligula in vehicula varius. Morbi varius tincidunt dui. Ut bibendum aliquet nulla, non ullamcorper quam cursus nec.</p>','2018-01-13',1),(20,'Curabitur dictum','<p>Integer facilisis velit in ligula facilisis tincidunt. Donec maximus aliquam metus, in efficitur lacus rutrum eget. Vestibulum eu pellentesque elit. Suspendisse egestas massa pretium mi tempus dapibus. Donec accumsan bibendum justo, et congue eros dignissim in. In elit urna, dictum quis sagittis et, mattis eget felis. Sed venenatis erat lacinia porttitor commodo.</p><p></p><p>Donec tellus nibh, fringilla nec feugiat nec, consequat vitae nibh. Donec commodo ipsum sollicitudin facilisis lacinia. Curabitur a mattis ex. Aenean facilisis ullamcorper mauris, vel finibus felis egestas nec. Sed lacinia egestas tellus a dictum. Cras molestie ultrices nibh. Curabitur volutpat ligula sit amet volutpat scelerisque. Lorem ipsum dolor sit amet, consectetur adipiscing elit. Nullam et tellus efficitur, dictum lectus eu, volutpat tortor. Orci varius natoque penatibus et magnis dis parturient montes, nascetur ridiculus mus. Nullam id euismod turpis, quis tristique velit. Suspendisse eget justo a nisi mattis vulputate eu sed velit. Suspendisse at nibh a sem consectetur elementum ut id metus. Fusce commodo sed nibh sed suscipit.</p><p></p><p>Praesent vitae cursus lorem. Duis mattis est ipsum, in pharetra dolor consequat ac. Aenean non urna in ipsum cursus gravida. Maecenas in erat ut augue pulvinar mattis. Integer a nunc a libero hendrerit eleifend efficitur a justo. Phasellus ante massa, euismod congue justo sed, congue facilisis arcu. Mauris tristique velit a quam rutrum, sit amet fringilla quam gravida. Mauris rutrum nisi nec rhoncus ultricies. Donec nec diam egestas, fermentum ligula ac, posuere ipsum.</p><p></p><p>Maecenas facilisis ante eu elementum pellentesque. Maecenas scelerisque pharetra nunc. Nulla euismod porta ipsum ac pharetra. Nullam eleifend quam sit amet faucibus luctus. Maecenas ac interdum elit, ac vehicula sapien. Nulla malesuada nibh erat, eget mollis felis tempor ut. Ut egestas, massa blandit bibendum hendrerit, tellus elit consequat nulla, in semper nulla purus a sapien. Ut feugiat ipsum feugiat neque ullamcorper, at aliquam nisl gravida. Curabitur ut auctor ligula. Morbi eu viverra magna.</p><p></p><p>Pellentesque sed fermentum metus. Ut vehicula lacus non sem vehicula, vel maximus justo fermentum. Vivamus in iaculis elit. Praesent vitae blandit libero, sed vestibulum dui. Nulla a nulla id leo congue cursus. Morbi tincidunt consectetur magna, et aliquam tortor porttitor nec. Phasellus sed urna ante. Mauris laoreet porta risus blandit laoreet. Sed malesuada ornare mauris quis convallis.</p>','2018-01-13',1),(21,'Praesent','<p>Curabitur et orci felis. Fusce cursus leo orci, quis ornare turpis porttitor et. Maecenas quam justo, eleifend at mi quis, hendrerit pellentesque nunc. Phasellus consequat lacus eget rhoncus fringilla. Mauris congue, nulla eget dapibus auctor, ante ex tempor neque, sit amet scelerisque risus lacus et lorem. Morbi sodales consectetur sem, a scelerisque nisi maximus nec. Class aptent taciti sociosqu ad litora torquent per conubia nostra, per inceptos himenaeos. Quisque eu nisi aliquam leo sodales commodo. Aenean mauris neque, venenatis vitae ante vel, tristique tincidunt neque.</p><p></p><p>Etiam efficitur rhoncus felis, sit amet consequat lectus viverra ut. Nam vitae magna aliquam, mollis nulla vitae, iaculis ligula. Etiam ac bibendum magna, a viverra arcu. Mauris euismod sapien lacus, vitae tincidunt odio mollis vel. Praesent blandit arcu dui, ut porta arcu tincidunt molestie. Integer eget elementum libero. Lorem ipsum dolor sit amet, consectetur adipiscing elit.</p><p></p><p>Etiam ut turpis laoreet, pharetra tellus vel, egestas justo. Nunc maximus lacus in est tempor porttitor eget a velit. Fusce tempus nisi aliquet velit lacinia sodales. Sed sollicitudin congue lorem. Cras in purus vel metus posuere auctor sit amet in tellus. Ut vitae neque vitae mauris tincidunt aliquet a quis tellus. Donec pharetra lectus urna, malesuada congue dui aliquet et. Proin tempus egestas imperdiet. Vivamus lectus sapien, luctus a accumsan eget, ornare sed felis. Aliquam risus dui, pellentesque eget finibus at, molestie ac tortor. Sed blandit ullamcorper felis eleifend blandit. Aliquam erat volutpat. Mauris blandit ante et lorem scelerisque commodo. Integer ultrices nulla vel semper semper. Integer fringilla finibus lacus, at aliquet ligula rhoncus eu.</p><p></p><p>Mauris nisi justo, faucibus id ipsum scelerisque, maximus sagittis risus. Donec pharetra non urna eu egestas. Vivamus lobortis sed tortor vel fringilla. Ut vitae pulvinar sem, non dapibus dui. Morbi nec mi ut diam sollicitudin gravida. Aenean commodo vestibulum enim, ut rutrum mi elementum ullamcorper. Vivamus non lectus vestibulum, euismod ligula ut, facilisis velit. Cras faucibus aliquet tellus, sed dictum mauris consequat et.</p>','2018-01-13',3),(22,'Fusce risus','<p>Vivamus porttitor sagittis interdum. Sed eu massa ut leo pretium molestie eget nec diam. Sed non arcu euismod, cursus sem vitae, facilisis velit. Fusce id ligula felis. Nunc mauris nunc, ornare vitae purus in, lacinia commodo velit. Etiam vulputate ligula vitae arcu rutrum consequat. Nulla facilisi. Nunc ac iaculis libero, ac aliquam enim.</p><p></p><p>Aliquam sollicitudin leo a arcu volutpat, nec tristique augue volutpat. Donec luctus, erat at fermentum accumsan, leo purus tristique ligula, sit amet rutrum purus urna sit amet nibh. Aliquam pellentesque arcu non laoreet porta. Sed tristique nisi a orci elementum, in convallis sem pulvinar. In a lorem fringilla, pretium orci et, rhoncus tortor. Interdum et malesuada fames ac ante ipsum primis in faucibus. Fusce mattis eros id tellus aliquet interdum. Sed ultricies euismod ante at venenatis. Morbi odio nisl, viverra ut consequat sit amet, aliquam et lacus. Pellentesque in porttitor nisl. Vestibulum scelerisque lorem pharetra magna pharetra cursus. Praesent risus purus, luctus ut nunc sit amet, commodo tincidunt neque. Suspendisse imperdiet, felis nec accumsan porta, lorem dui auctor dolor, ut tincidunt ligula risus vitae erat. Donec lacinia orci sollicitudin ante tincidunt, cursus lacinia neque mollis. Nulla auctor vitae magna vel faucibus. Curabitur id ipsum varius, finibus ligula in, fringilla sapien.</p><p></p><p>Integer tempor augue et felis scelerisque, in vulputate eros iaculis. Suspendisse tempor odio arcu, nec finibus elit hendrerit facilisis. Maecenas tincidunt dolor vel rhoncus viverra. Aliquam erat volutpat. Morbi lobortis sodales purus vel tincidunt. Suspendisse rhoncus diam id consequat sodales. Curabitur ac mauris ligula. Integer nec interdum nulla.</p><p></p><p>Integer ut aliquet dolor, et gravida dolor. Nulla lobortis sapien a dapibus commodo. Praesent condimentum, elit sed euismod auctor, felis ipsum sollicitudin massa, sed blandit purus nunc in augue. Mauris tincidunt euismod eros id dictum. Nulla et nibh ex. Praesent ligula libero, vehicula ac massa eget, commodo mollis massa. Vivamus vel mollis lectus. Phasellus laoreet, velit ut semper sodales, sapien nulla aliquet elit, a faucibus libero elit eu nulla. Praesent pellentesque facilisis ex, vitae gravida enim porttitor ac. Nunc malesuada et diam a placerat. Duis porttitor ac purus nec tincidunt. Pellentesque nec fermentum ipsum. Nam faucibus lorem et nibh commodo consequat. Maecenas interdum porta ante, non eleifend elit facilisis et.</p><p></p><p>Cras porttitor vulputate eros a ultrices. Integer eu ex non nisi efficitur cursus a ac lorem. Suspendisse vitae sapien fringilla, blandit libero eget, tristique risus. Cras nec libero id neque bibendum rutrum in sit amet lectus. Duis vulputate tellus malesuada nisl auctor, at aliquam dolor scelerisque. Integer rhoncus erat vel nisl vestibulum, ut porttitor turpis pretium. Fusce eget nulla a augue fermentum gravida. Praesent pellentesque ex sed lobortis feugiat. Praesent eu sodales felis. Maecenas vitae felis tincidunt, finibus dui vitae, gravida nisl. Nam ac tempus magna. Maecenas interdum velit ac tellus consequat, sed ultricies enim laoreet. Proin nisi orci, ultricies sed lectus et, dignissim lacinia risus. Ut sollicitudin nibh non tellus fermentum, ut accumsan turpis rutrum. Nam diam dui, viverra in augue in, consectetur aliquet dolor. Mauris tincidunt vitae leo non pellentesque.</p>','2018-01-14',1),(23,'Mauris enim','<p>Nulla sed interdum ipsum. Etiam ut enim lectus. Suspendisse in tortor aliquam, cursus justo accumsan, ornare quam. Sed et dolor velit. Aliquam in libero sed ex cursus efficitur vel non neque. Sed vestibulum id nisi eget sagittis. Donec sit amet risus vitae est molestie vestibulum non a ipsum. Curabitur sit amet dictum tortor, ut sodales lacus. Mauris et egestas lacus, et convallis elit. Aliquam viverra ipsum sit amet neque convallis pellentesque. Donec in erat sed neque malesuada malesuada. Proin non venenatis turpis, id vehicula libero. Phasellus pretium, nulla sit amet dignissim facilisis, nisi sapien sagittis dolor, vitae lacinia diam libero volutpat arcu.</p><p></p><p>Mauris enim leo, rhoncus sit amet libero fermentum, vulputate semper risus. Phasellus ut magna eu enim vehicula lacinia a vitae arcu. Sed consectetur est ac lorem ornare pharetra. Nam sit amet pharetra risus. Sed vel velit risus. Vestibulum fermentum neque non mauris auctor, eu rhoncus tortor facilisis. Curabitur et cursus mi. Sed vestibulum fringilla nunc vitae auctor. Donec dignissim purus vitae lacus ornare, eget mattis mi ultricies. Curabitur bibendum, erat et molestie feugiat, risus mi lobortis metus, non varius ipsum urna blandit quam. Fusce tempor fermentum nulla, sed consequat purus euismod non. Praesent consequat ipsum ut lectus sodales, at dignissim erat dictum. Suspendisse semper metus accumsan lorem blandit, vel tristique lacus efficitur. Integer aliquet nunc varius sapien tincidunt, quis bibendum diam consectetur. Pellentesque habitant morbi tristique senectus et netus et malesuada fames ac turpis egestas. Fusce aliquet semper turpis.</p><p></p><p>Aliquam tincidunt mauris non ligula consectetur, vel egestas est pellentesque. Donec quis porttitor nibh. Vivamus sagittis lectus eu consectetur convallis. Fusce eget feugiat diam, vitae vehicula ex. Nam gravida in metus et tincidunt. Vivamus dolor quam, tempor eget viverra varius, aliquet a arcu. Sed rhoncus purus non tincidunt malesuada. Pellentesque placerat vel metus in facilisis. Sed eget ipsum quis lectus eleifend dictum. Nullam leo erat, commodo id velit ultricies, commodo maximus lectus. Vivamus vitae cursus turpis, non scelerisque nisi. Nulla non odio non dui egestas ullamcorper. Etiam in ante sit amet odio dignissim vestibulum id non nunc. Nunc posuere purus at pellentesque malesuada. Fusce a ante tellus. Nulla in neque vel lorem pharetra facilisis.</p><p></p><p>Maecenas a rutrum dui, vel cursus purus. Duis efficitur facilisis diam, in lacinia ipsum imperdiet vitae. Duis velit ipsum, ornare quis diam quis, rhoncus pharetra risus. In congue dictum dolor eget vulputate. Aenean mattis felis mi, et efficitur velit pharetra in. Praesent convallis magna eros, at dapibus neque euismod non. Curabitur vel urna eget nulla finibus scelerisque. Aliquam odio tellus, hendrerit ut efficitur a, congue vitae nisl. Ut consectetur sed neque vitae malesuada. Maecenas ante elit, sodales et aliquam auctor, gravida elementum nibh. Donec eu nibh faucibus, volutpat tortor ac, pharetra neque. Etiam tincidunt eu ex non cursus. Lorem ipsum dolor sit amet, consectetur adipiscing elit. Cras sed mauris eros.</p>','2018-01-14',2),(24,'Nullam accumsan','<p>Aliquam auctor tortor interdum augue maximus, in laoreet nisi suscipit. Sed quis sollicitudin arcu. Morbi vehicula ut leo quis tristique. Fusce eu sollicitudin sapien, sed imperdiet nisi. Fusce et orci vel dolor bibendum auctor. Nulla nunc diam, molestie nec diam non, tristique pharetra erat. Donec porta, nunc id cursus ornare, tortor dolor lacinia urna, vel semper quam erat nec est. Maecenas imperdiet mattis sapien, ac bibendum odio viverra sit amet. Pellentesque porta egestas neque, sit amet tincidunt dui luctus et.</p><p></p><p>Fusce elit sem, faucibus quis tristique vel, sagittis a mauris. Nam quis mi at leo laoreet sodales. Nulla at fermentum est. Suspendisse vel mi vestibulum, convallis orci nec, tempus magna. Etiam lobortis augue vel nisl pulvinar, sit amet aliquet eros placerat. Suspendisse dignissim sit amet sapien eu pretium. Pellentesque placerat gravida imperdiet. Vestibulum bibendum tellus eros. Etiam id erat bibendum, pretium quam in, tristique libero. Vestibulum ante ipsum primis in faucibus orci luctus et ultrices posuere cubilia Curae; Donec suscipit pulvinar nulla. Fusce laoreet dui et mauris facilisis, non dictum elit hendrerit.</p><p></p><p>Sed sit amet ultrices lorem. Vivamus pellentesque est mauris, non luctus sem aliquet ut. Sed pretium, mauris at pretium bibendum, dui nisl laoreet ipsum, a mollis nisl leo a urna. Ut vulputate, magna ut ornare tincidunt, velit metus placerat lectus, id condimentum massa tortor vitae metus. Vivamus cursus vel nibh non blandit. Mauris vitae risus erat. Interdum et malesuada fames ac ante ipsum primis in faucibus. Proin sit amet mi turpis. Duis eget bibendum odio, in laoreet purus. Phasellus ante mauris, tristique consequat bibendum lacinia, tincidunt sed sem. Interdum et malesuada fames ac ante ipsum primis in faucibus. Nullam ornare lacus quis aliquet pharetra. Sed tristique tellus mattis, rhoncus arcu eu, elementum orci. Pellentesque lacinia viverra dui.</p><p></p><p>Vestibulum feugiat arcu ac est efficitur, vehicula iaculis arcu elementum. Phasellus sem sapien, vehicula vel elit at, dictum faucibus massa. Fusce hendrerit, purus in sagittis cursus, massa mauris sagittis turpis, in dignissim odio tellus a felis. Sed leo ex, scelerisque iaculis imperdiet ut, porttitor vitae sem. Aliquam quis purus nec lorem commodo convallis quis eu orci. Fusce eget tempus ipsum, lacinia tempus mi. Nunc a ipsum ut mi pulvinar condimentum. Integer dignissim eget diam ut ullamcorper.</p><p></p><p>Nullam sit amet molestie odio, vel tincidunt nisi. Orci varius natoque penatibus et magnis dis parturient montes, nascetur ridiculus mus. Pellentesque habitant morbi tristique senectus et netus et malesuada fames ac turpis egestas. Curabitur felis tellus, faucibus sed imperdiet ultrices, gravida ut sem. Aliquam porttitor metus massa, at semper sem semper sit amet. Duis efficitur eros a suscipit blandit. Donec tincidunt elementum ipsum, sodales interdum mauris scelerisque nec. Cras imperdiet convallis mi id porta. Duis mi velit, commodo et venenatis in, gravida quis nunc. Maecenas nec ipsum et justo sagittis aliquam. Pellentesque bibendum viverra augue, ut tristique tortor mollis in. Aliquam quis libero sed nibh suscipit fringilla. Suspendisse magna est, laoreet ut lacinia et, maximus et lorem. Cras in quam eget felis sagittis dignissim vel id ligula. Quisque tempor fringilla mi, vel vulputate lorem rhoncus condimentum.</p><p></p><p>Mauris ante lacus, condimentum non mollis ut, pulvinar ut enim. Praesent at iaculis augue. Vivamus sodales sit amet libero aliquet auctor. Pellentesque mattis diam tincidunt risus aliquam, sed aliquet nisl fermentum. Morbi vulputate orci vel nisl porta dignissim. In varius feugiat mi ut efficitur. Suspendisse a enim ante.</p><p></p><p>Mauris augue erat, mollis ut malesuada quis, dapibus non metus. Donec nec leo quis velit lobortis ultricies. Nam iaculis suscipit sodales. Nam vestibulum eleifend sem, id elementum nisi euismod sed. Integer non bibendum libero. Suspendisse odio dui, tincidunt imperdiet vulputate quis, tempus sodales odio. Integer quis odio bibendum, tincidunt augue quis, efficitur lorem. Sed fringilla porttitor odio et ornare. Nam lorem justo, volutpat faucibus urna sed, commodo congue orci. Morbi sollicitudin velit id odio vestibulum interdum. Suspendisse sapien massa, efficitur vel quam sit amet, volutpat vehicula enim. Phasellus pulvinar felis nec metus luctus tempor. Quisque tempus nisl mi, id ultrices felis ultrices ac. Quisque laoreet efficitur cursus.</p>','2018-01-14',3),(26,'Duis molestie','<p>Vivamus nisi leo, consequat at sapien eget, porttitor euismod augue. Ut rhoncus sem ut ex elementum, ut aliquet libero eleifend. Curabitur a augue nec orci scelerisque consectetur. Morbi faucibus libero in lorem mollis facilisis. Phasellus auctor orci at tortor fermentum, sit amet maximus sapien semper. Nulla et ex ultrices metus elementum vestibulum elementum eu enim. Etiam eu nisl in urna varius porttitor eget et libero. Fusce placerat mi in nisi efficitur consectetur. Mauris elit erat, dictum sit amet enim quis, fringilla tempus justo. Etiam at nunc et mi dictum egestas. Sed semper risus vitae turpis blandit rhoncus.</p><p></p><p>Vestibulum ante ipsum primis in faucibus orci luctus et ultrices posuere cubilia Curae; Donec aliquam sit amet mi quis viverra. Nam nisi mauris, congue quis velit eget, pulvinar semper leo. Cras libero sem, efficitur condimentum arcu ultricies, aliquet feugiat sem. Sed iaculis quam elit, vel pulvinar ipsum cursus in. Nunc accumsan convallis nulla sit amet tempor. Cras non risus magna.</p><p></p><p>In dictum eleifend risus, maximus efficitur massa semper quis. Proin rhoncus dolor libero, ut suscipit odio posuere ut. Vestibulum mattis libero mauris, sit amet pharetra leo ornare at. Pellentesque quis dolor ac libero mattis ullamcorper sed eu turpis. Ut imperdiet scelerisque posuere. Donec ex magna, rhoncus in imperdiet sed, fringilla quis velit. Mauris aliquam magna ac aliquam vestibulum. Aenean finibus accumsan tempor. Duis at massa dui. Donec vel dui sit amet quam placerat faucibus non vitae est.</p><p></p><p>Maecenas molestie vestibulum erat vel pharetra. Pellentesque felis risus, interdum et consectetur at, lacinia at velit. Sed libero magna, sagittis a odio ullamcorper, pulvinar ornare mauris. Praesent sodales porta lacinia. Proin aliquam consectetur arcu et ullamcorper. Cras at lacinia nulla, eu cursus nibh. Cras arcu tellus, porttitor et augue vitae, efficitur porta massa. Duis congue lorem ut libero sagittis sodales. Vestibulum ut dui nec quam condimentum varius eu eu tellus. Vestibulum sed tellus eu est volutpat cursus egestas ac eros. Nulla tincidunt sollicitudin diam sed rhoncus. Lorem ipsum dolor sit amet, consectetur adipiscing elit.</p><p></p><p>Ut turpis nunc, condimentum eget orci eget, placerat malesuada nisl. Donec rutrum accumsan elit eu fringilla. Morbi at nisi maximus, consequat orci nec, congue nisi. Donec faucibus ullamcorper nibh, porta condimentum nibh blandit quis. Pellentesque habitant morbi tristique senectus et netus et malesuada fames ac turpis egestas. Quisque hendrerit erat sit amet est hendrerit, non luctus nisl ornare. Donec vestibulum urna sed pretium maximus. Sed cursus ex eu faucibus rhoncus. Suspendisse eros tortor, varius eget orci a, pulvinar consectetur turpis. Etiam dapibus eros orci, quis condimentum orci posuere pharetra. Nunc vel justo sagittis, cursus massa at, molestie nulla. Nam id gravida velit. Curabitur magna arcu, elementum a ipsum vel, scelerisque commodo diam. Fusce aliquet vitae nunc nec fermentum. Fusce consectetur volutpat volutpat. Integer sed vestibulum ligula, a porta nunc.</p>','2018-01-16',1),(28,'Aliquam id','<p>Duis convallis lacinia massa sed pretium. Quisque pretium pellentesque tortor sit amet tempus. Donec in tincidunt tellus. Aliquam ut dolor convallis, malesuada orci et, mollis dolor. Quisque blandit dui nec rhoncus pellentesque. Pellentesque sit amet velit a libero tempor pellentesque vitae et diam. Nunc laoreet diam a libero dignissim, id mattis elit fermentum. In id gravida est. Pellentesque malesuada, lectus sed vulputate cursus, nulla justo pellentesque velit, eu pellentesque odio tellus eget ex. Suspendisse at augue ut dolor lacinia vulputate.</p><p></p><p>Fusce luctus scelerisque diam, id lobortis dolor ultricies at. Duis pharetra semper tellus, id aliquet justo fringilla vel. Cras tincidunt feugiat lorem ac eleifend. Aliquam sed tempor nunc. Vivamus ut feugiat neque. Quisque quis vulputate velit. Duis auctor mattis justo, ut interdum augue sodales id. Donec justo urna, pretium vel pharetra id, suscipit vitae tellus. Aliquam erat volutpat. Quisque nec ex id est auctor dignissim vel ultricies ipsum. Integer fermentum congue est ac scelerisque. Ut ultrices auctor urna et tristique.</p><p></p><p>Mauris a tincidunt odio. Vestibulum ante ipsum primis in faucibus orci luctus et ultrices posuere cubilia Curae; Pellentesque porttitor venenatis urna a pulvinar. Pellentesque libero tellus, mollis vel enim at, volutpat porttitor ex. Donec eget eros gravida, mattis odio id, elementum libero. Fusce consequat magna eget diam maximus fermentum. Nullam at nulla nisl. Etiam ut tellus quis ante finibus volutpat non vel tellus. Nulla luctus magna nunc, sit amet interdum nunc placerat eget. Vestibulum porttitor sapien leo, eu lobortis mi auctor sollicitudin. Proin id dignissim ante. Ut et iaculis turpis, quis viverra augue. Nunc vulputate porta pellentesque. Mauris pharetra sapien ante, vitae sagittis massa tristique sit amet.</p>','2018-01-17',3),(29,'Integer auctor','<p>In dapibus nibh ac lectus ullamcorper, volutpat egestas magna lacinia. Sed nec lectus eros. Morbi volutpat venenatis lacus, et laoreet ex cursus et. Aliquam erat volutpat. Sed tempor faucibus pellentesque. Donec dui est, porttitor ut ante sit amet, iaculis ultricies urna. Aliquam faucibus, eros at blandit tincidunt, quam dui finibus elit, et malesuada augue elit porta tellus. Fusce in orci mauris. Cras ut massa dui. Nunc dignissim non tellus fermentum convallis. Duis varius odio ut vehicula posuere. Donec tempus feugiat varius. Curabitur viverra varius felis, vitae placerat justo malesuada ut.</p><p></p><p>Sed facilisis, velit euismod varius maximus, est sapien facilisis elit, id tristique diam leo eu urna. Sed consequat malesuada condimentum. Suspendisse ac pharetra sem, sed pulvinar mauris. Donec luctus massa et consequat tincidunt. Etiam non justo tristique, iaculis velit sodales, fringilla lorem. Nunc malesuada tristique pretium. Class aptent taciti sociosqu ad litora torquent per conubia nostra, per inceptos himenaeos. Vivamus ac faucibus augue, sit amet faucibus ligula. Fusce varius nulla sit amet tristique pellentesque. Phasellus porta placerat lorem, eget ultricies metus consectetur quis. Sed maximus commodo pellentesque. Vestibulum laoreet turpis quam, a porta ipsum efficitur eu. Nullam vestibulum, sapien ut tempus faucibus, felis justo vulputate magna, in vulputate purus magna sed lorem. Vestibulum quis ante non felis laoreet tincidunt. Class aptent taciti sociosqu ad litora torquent per conubia nostra, per inceptos himenaeos.</p><p></p><p>In hac habitasse platea dictumst. Donec sagittis iaculis nisi, ac gravida arcu feugiat vel. Vestibulum mauris nisi, vulputate at lobortis in, tempus et tortor. Quisque convallis metus eget turpis pharetra, a fermentum odio consectetur. Nullam semper lectus id interdum pulvinar. Nullam vel neque eget enim tempus suscipit sed ac mauris. In placerat, massa id lacinia pharetra, turpis nibh pharetra augue, sagittis bibendum tellus quam in magna. Suspendisse ipsum quam, pharetra in elit in, placerat suscipit orci. Integer volutpat molestie enim, sed varius eros dignissim sed. Nullam fringilla pellentesque mi id scelerisque.</p>','2018-01-18',3),(30,'Fusce','<p>In hac habitasse platea dictumst. Etiam nibh arcu, elementum in cursus vel, fringilla et tortor. Nunc et gravida nisi, non placerat leo. Class aptent taciti sociosqu ad litora torquent per conubia nostra, per inceptos himenaeos. Sed auctor quam ac sem ornare, sit amet scelerisque velit condimentum. Duis tortor dui, consectetur a ex a, bibendum laoreet felis. Nunc massa ligula, elementum ac luctus sit amet, pretium sed nibh. Donec non urna nisi. Mauris sit amet magna vulputate, finibus nisl at, tincidunt lorem. Nullam non erat non mauris tempor aliquet. Vestibulum vestibulum interdum ligula, id mollis tortor faucibus ut.</p><p></p><p>Donec congue ornare erat vitae pretium. In sit amet pulvinar tellus. Phasellus a interdum tellus, sed cursus est. Donec sed tortor ac ligula vehicula laoreet at vitae ipsum. Proin non vestibulum urna, sed elementum ante. Vestibulum dapibus lacus neque, at tempus felis semper ut. Integer convallis nisi vel elit porta sollicitudin. Sed in enim consequat turpis accumsan dignissim. Duis ex nulla, lacinia quis pellentesque sed, pulvinar non dolor. Morbi gravida sit amet nisi vitae rhoncus. Ut non risus vitae enim ornare elementum.</p><p></p><p>Ut mauris ex, efficitur non ligula nec, fermentum pellentesque quam. Cras mollis, est tempor pulvinar ornare, ante mi viverra enim, a ullamcorper nunc lacus non lorem. Pellentesque vel urna id felis lobortis pellentesque. Morbi malesuada justo tortor, sed lobortis nunc efficitur at. Donec elit tortor, rutrum at eleifend id, tincidunt sit amet nibh. Mauris massa felis, pretium non lacus eu, elementum imperdiet nibh. In ut ex id sem tincidunt viverra. Curabitur ac ultricies dui. Quisque ut augue tincidunt, dapibus quam dapibus, hendrerit lectus. Nunc molestie tempor lectus eu aliquam. Etiam maximus rhoncus ligula vitae gravida. Curabitur imperdiet neque id vulputate dapibus. Donec orci magna, rutrum laoreet feugiat eget, iaculis ac nibh. Ut eget maximus lectus, id vehicula neque.</p>','2018-01-18',3),(31,'Donec tempus','<p>Vestibulum ac eros justo. Phasellus faucibus tellus vel massa rhoncus, quis tincidunt lorem mollis. Phasellus varius tellus mauris, eu aliquam urna feugiat ut. Sed ex est, suscipit nec gravida vitae, hendrerit in tellus. Suspendisse elementum volutpat nisl a dapibus. Vivamus et fermentum felis. Ut id ligula eget leo gravida maximus. Praesent eget dolor et quam cursus lobortis vel eget lorem. Sed auctor mollis justo in vulputate. Aenean imperdiet faucibus mi eget tincidunt. Nulla mi odio, dapibus in suscipit quis, euismod sed metus. Aliquam vehicula pharetra sodales. Etiam mattis ante ac magna rhoncus, id viverra mi tristique.</p><p></p><p>Phasellus ut leo mollis, auctor orci nec, ultricies magna. Phasellus faucibus et ipsum ut consequat. In sit amet arcu et ligula sodales commodo. Aliquam sed metus quis arcu placerat ultrices. Nam interdum nulla purus, eu vulputate nisi molestie a. Phasellus congue euismod nibh, quis cursus urna mollis non. Integer bibendum quam augue, ac porta erat interdum nec. Morbi cursus venenatis augue vitae pharetra. In mattis nibh ac enim pharetra, eget sodales urna pulvinar.</p>','2018-01-18',3),(32,'Morbi id','<p>Phasellus sit amet sodales elit. Ut pretium velit nibh, ut pharetra odio mollis vitae. Interdum et malesuada fames ac ante ipsum primis in faucibus. Nunc vitae ultrices nisl. Vestibulum nunc purus, lacinia quis arcu ac, vehicula rutrum orci. Mauris aliquam ornare quam quis lobortis. Etiam eget ex sed ligula vulputate facilisis a sed erat. Phasellus velit quam, consectetur a tortor sit amet, mattis blandit mi. Praesent lacinia commodo sapien, ut commodo quam placerat eget. Vivamus posuere id quam non bibendum. In massa ipsum, sagittis nec lobortis et, fringilla nec dui. Sed cursus nisi ex, egestas iaculis nisl vulputate quis.</p><p></p><p>Sed ligula nisi, elementum ac nisi tincidunt, eleifend consequat ligula. Vestibulum porta dui non est consectetur, at bibendum mi auctor. Phasellus dapibus mollis convallis. Cras sodales elementum ante, a feugiat lacus bibendum ac. Pellentesque eu nulla at ligula luctus congue non vitae leo. Proin sit amet lectus suscipit, blandit diam elementum, consequat felis. Pellentesque iaculis dui eu velit dictum pretium. Donec ut tristique sapien. Praesent malesuada posuere tellus, in fermentum turpis. Duis viverra tortor lectus, sit amet cursus velit accumsan sed. Mauris at ligula sit amet orci hendrerit pretium.</p><p></p><p>Nullam egestas molestie leo, at condimentum ante ullamcorper in. Cras at libero et purus fermentum facilisis et et tortor. Morbi volutpat vel magna nec vulputate. Nunc at vestibulum augue. Donec cursus pretium dignissim. Nulla viverra varius condimentum. Cras euismod vitae felis non interdum. Cras ex erat, consectetur ac lacus id, convallis gravida est. Fusce maximus consectetur sollicitudin. Nullam vitae augue auctor, feugiat felis non, tristique sem. Donec lacinia mauris vel rutrum luctus. Mauris augue nibh, porta non metus a, sagittis facilisis diam. Aliquam erat volutpat. Mauris lectus nulla, rhoncus eget diam vel, auctor ornare augue.</p><p></p><p>Suspendisse volutpat eros lobortis odio vulputate interdum. Nunc laoreet, eros id vestibulum viverra, enim diam porttitor quam, id iaculis turpis nibh ut neque. Ut accumsan nisi sem, ut pharetra lorem commodo in. Nulla eget vulputate turpis. Suspendisse velit est, fermentum nec condimentum eu, scelerisque ut massa. Vestibulum aliquam, mi pulvinar condimentum scelerisque, sapien tortor congue quam, eget malesuada quam eros eu dolor. In hac habitasse platea dictumst. Quisque dictum felis pretium metus eleifend, dapibus lobortis metus varius. Nulla finibus leo metus, in elementum magna molestie et. Donec in risus odio.</p>','2018-01-19',5),(33,'Maecenas eu','<p>Aliquam nisi arcu, dapibus non congue nec, varius eu ligula. Fusce porttitor velit sed magna placerat, sed consequat erat bibendum. Curabitur maximus lorem nec libero dignissim egestas. Maecenas ut erat erat. Sed nec egestas elit. Aenean at dui ac augue dignissim cursus. Sed finibus vel nulla quis condimentum. Nulla vitae quam congue, vehicula quam eu, dignissim sapien. Curabitur et tempor quam, vitae porttitor justo. Etiam porttitor sollicitudin sollicitudin. Aenean ac fermentum enim.</p><p></p><p>Sed ac tempus velit. Aliquam iaculis est vel neque rutrum consectetur. Suspendisse nulla turpis, suscipit vitae porttitor semper, faucibus vitae urna. Quisque ullamcorper libero turpis, vel facilisis arcu congue eu. Nam mollis aliquet lectus a fermentum. Quisque viverra dictum venenatis. Donec vitae pellentesque odio. Vestibulum euismod nec magna ac pellentesque. Fusce venenatis massa non ex aliquam consequat. Proin tincidunt elementum vestibulum. Vivamus ullamcorper dignissim velit, sed finibus est tempor vitae. Vestibulum vel gravida dolor.</p><p></p><p>Donec sagittis aliquet mauris et pulvinar. Nunc tempor iaculis lectus, semper tempus mi sagittis ut. Nulla vehicula mi nulla, ac malesuada turpis ornare eget. Aliquam vulputate dignissim orci, in dignissim lorem sagittis in. Vestibulum aliquam justo ut accumsan fringilla. Pellentesque eget lacinia odio. Integer tempor mollis tellus. Ut eu viverra elit. Sed tincidunt dui ligula, id consectetur neque finibus in. Morbi arcu orci, rhoncus quis congue non, hendrerit faucibus ipsum. Nam sollicitudin dui augue. Duis in justo sed risus vulputate mattis. Lorem ipsum dolor sit amet, consectetur adipiscing elit. Fusce varius dolor et rutrum euismod. In posuere velit massa, sed dictum lorem vulputate ac.</p><p></p><p>Duis ultricies, nulla sit amet sodales egestas, nisi justo posuere diam, non lacinia sem ex non ipsum. In suscipit rhoncus tellus, eget finibus arcu. Donec quis turpis ante. Curabitur aliquam metus sodales neque ultrices pellentesque. Aenean pretium molestie nisi, non pellentesque nunc aliquet et. Praesent id venenatis mi, vitae aliquam diam. Morbi nisl nisi, aliquet vel ex at, elementum mollis lacus. Vestibulum in nulla sit amet nunc sodales rhoncus id ut purus. Pellentesque lacinia at metus sit amet molestie.</p>','2018-01-19',2),(34,'Proin','<p>Nullam consequat dolor lorem, eu elementum nisi tristique eget. Donec odio lectus, ultrices vitae euismod sed, aliquam at dolor. Morbi in nibh sed purus auctor volutpat. Praesent vel tristique dolor. Praesent ipsum quam, pharetra eu tortor non, tempor aliquet dui. Aenean feugiat sapien nibh, non dictum est consectetur at. Proin non fringilla nibh, ut venenatis turpis. Nulla at vestibulum nulla. Suspendisse sollicitudin faucibus pharetra. Nulla nunc leo, fermentum eu sagittis nec, molestie ac mi. Duis et mauris ut lorem gravida sagittis. In sapien eros, luctus a metus eu, vulputate ullamcorper arcu. Maecenas velit dui, dignissim nec augue a, scelerisque ornare ante. In eget consectetur lorem.</p>','2018-01-20',1),(35,'Nam felis nisi','<p>Nulla quis mi eros. Fusce metus massa, ullamcorper in metus at, suscipit egestas augue. Quisque vitae est ut est laoreet congue et sit amet nunc. Mauris nec consequat sapien, in tristique lectus. Sed ut mi ultricies, porta urna a, imperdiet ex. Fusce maximus purus vitae nibh finibus, ut consectetur nunc sagittis. Etiam ac sodales justo. Interdum et malesuada fames ac ante ipsum primis in faucibus. Quisque faucibus justo et neque pellentesque rutrum. Pellentesque congue suscipit enim quis placerat. Sed lobortis, nibh vel efficitur placerat, urna quam egestas enim, non tempus est sem et mauris. Cras eu euismod lorem, quis suscipit ligula.</p><p></p><p>Aenean efficitur est tortor, sit amet finibus enim vehicula id. Vivamus faucibus venenatis ante, sed mattis lacus gravida vel. Etiam tincidunt ac velit quis rhoncus. Pellentesque luctus, leo et ornare vulputate, massa tellus cursus odio, id ultrices leo lorem sit amet felis. Ut ultrices arcu a ante luctus, eget condimentum lorem vestibulum. Maecenas ut est mi. Etiam ut vulputate massa. Ut vitae feugiat orci. Nulla facilisi.</p><p></p><p>Vivamus ullamcorper ornare eleifend. Vestibulum condimentum volutpat malesuada. Cras interdum lectus lectus, et commodo diam tincidunt eget. Suspendisse eros justo, tristique porttitor ultricies sed, ultricies eget lectus. Etiam faucibus dapibus orci et venenatis. Quisque maximus eu nunc at blandit. Morbi ut dictum risus, et tempor velit. Nam mauris est, vestibulum non nisl at, pharetra convallis ex. In vulputate accumsan lectus, non porttitor ligula consequat at. Aliquam vitae sollicitudin est, et ultricies nisl. Curabitur lobortis mi dui, non suscipit lectus scelerisque sed. Vestibulum imperdiet odio ipsum, id condimentum massa vulputate non. Integer elementum velit erat, at luctus risus euismod et. Etiam dapibus orci at urna posuere finibus. Aenean elementum, nisl quis aliquam volutpat, metus sapien lobortis elit, ut volutpat nisl est at elit.</p>','2018-01-21',2);
/*!40000 ALTER TABLE `article` ENABLE KEYS */;
UNLOCK TABLES;

--
-- Table structure for table `order`
--

DROP TABLE IF EXISTS `order`;
/*!40101 SET @saved_cs_client     = @@character_set_client */;
/*!40101 SET character_set_client = utf8 */;
CREATE TABLE `order` (
  `idorder` int(11) NOT NULL AUTO_INCREMENT,
  `status` varchar(45) NOT NULL,
  `total_price` int(11) NOT NULL,
  `date` date NOT NULL,
  `iduser` int(11) NOT NULL,
  PRIMARY KEY (`idorder`,`iduser`),
  UNIQUE KEY `idorder_UNIQUE` (`idorder`),
  KEY `fk_order_user1_idx` (`iduser`),
  CONSTRAINT `fk_order_user1` FOREIGN KEY (`iduser`) REFERENCES `user` (`iduser`) ON DELETE NO ACTION ON UPDATE NO ACTION
) ENGINE=InnoDB AUTO_INCREMENT=74 DEFAULT CHARSET=utf8;
/*!40101 SET character_set_client = @saved_cs_client */;

--
-- Dumping data for table `order`
--

LOCK TABLES `order` WRITE;
/*!40000 ALTER TABLE `order` DISABLE KEYS */;
INSERT INTO `order` VALUES (42,'cancelled',12440,'2018-01-12',2),(43,'completed',9445,'2018-01-12',2),(44,'cancelled',3000,'2018-01-13',2),(45,'completed',12440,'2018-01-14',4),(46,'cancelled',5995,'2018-01-17',2),(47,'completed',2995,'2018-01-17',2),(48,'cancelled',7990,'2018-01-18',11),(49,'completed',7990,'2018-01-18',11),(50,'completed',3000,'2018-01-18',11),(51,'cancelled',3000,'2018-01-19',2),(52,'completed',999,'2018-01-19',2),(53,'cancelled',3000,'2018-01-19',2),(54,'cancelled',4995,'2018-01-19',2),(55,'cancelled',4995,'2018-01-19',2),(56,'cancelled',4995,'2018-01-20',18),(57,'cancelled',3498,'2018-01-20',17),(58,'completed',2595,'2018-01-20',17),(59,'cancelled',4995,'2018-01-20',2),(60,'cancelled',4995,'2018-01-20',2),(61,'cancelled',4995,'2018-01-20',2),(62,'cancelled',4995,'2018-01-20',2),(63,'cancelled',4995,'2018-01-20',2),(64,'cancelled',4995,'2018-01-20',2),(65,'cancelled',4995,'2018-01-20',2),(66,'cancelled',12440,'2018-01-20',1),(67,'cancelled',12440,'2018-01-20',1),(68,'cancelled',12440,'2018-01-20',1),(69,'cancelled',12440,'2018-01-20',1),(70,'cancelled',12440,'2018-01-20',1),(71,'cancelled',4995,'2018-01-21',2),(72,'cancelled',13089,'2018-01-21',2),(73,'cancelled',4995,'2018-01-21',2);
/*!40000 ALTER TABLE `order` ENABLE KEYS */;
UNLOCK TABLES;

--
-- Table structure for table `order_has_periodical`
--

DROP TABLE IF EXISTS `order_has_periodical`;
/*!40101 SET @saved_cs_client     = @@character_set_client */;
/*!40101 SET character_set_client = utf8 */;
CREATE TABLE `order_has_periodical` (
  `idorder` int(11) NOT NULL,
  `idperiodical` int(11) NOT NULL,
  PRIMARY KEY (`idorder`,`idperiodical`),
  KEY `fk_order_has_periodical_periodical1_idx` (`idperiodical`),
  KEY `fk_order_has_periodical_order1_idx` (`idorder`),
  CONSTRAINT `fk_order_has_periodical_order1` FOREIGN KEY (`idorder`) REFERENCES `order` (`idorder`) ON DELETE NO ACTION ON UPDATE NO ACTION,
  CONSTRAINT `fk_order_has_periodical_periodical1` FOREIGN KEY (`idperiodical`) REFERENCES `periodical` (`idperiodical`) ON DELETE NO ACTION ON UPDATE NO ACTION
) ENGINE=InnoDB DEFAULT CHARSET=utf8;
/*!40101 SET character_set_client = @saved_cs_client */;

--
-- Dumping data for table `order_has_periodical`
--

LOCK TABLES `order_has_periodical` WRITE;
/*!40000 ALTER TABLE `order_has_periodical` DISABLE KEYS */;
INSERT INTO `order_has_periodical` VALUES (43,1),(45,1),(49,1),(45,2),(47,2),(49,2),(43,3),(45,3),(50,4),(58,6),(52,9);
/*!40000 ALTER TABLE `order_has_periodical` ENABLE KEYS */;
UNLOCK TABLES;

--
-- Table structure for table `periodical`
--

DROP TABLE IF EXISTS `periodical`;
/*!40101 SET @saved_cs_client     = @@character_set_client */;
/*!40101 SET character_set_client = utf8 */;
CREATE TABLE `periodical` (
  `idperiodical` int(11) NOT NULL AUTO_INCREMENT,
  `name` varchar(45) NOT NULL,
  `description` varchar(800) NOT NULL,
  `price` int(11) NOT NULL,
  PRIMARY KEY (`idperiodical`),
  UNIQUE KEY `idperiodicals_UNIQUE` (`idperiodical`),
  UNIQUE KEY `name_UNIQUE` (`name`)
) ENGINE=InnoDB AUTO_INCREMENT=13 DEFAULT CHARSET=utf8;
/*!40101 SET character_set_client = @saved_cs_client */;

--
-- Dumping data for table `periodical`
--

LOCK TABLES `periodical` WRITE;
/*!40000 ALTER TABLE `periodical` DISABLE KEYS */;
INSERT INTO `periodical` VALUES (1,'Periodical name','You can see short description here. Lorem ipsum dolor sit amet, consectetur adipiscing elit. Mauris faucibus, dui sit amet condimentum pharetra, augue arcu dictum mauris, ut dapibus lectus mi ac eros. Integer sollicitudin mauris metus. Donec a semper dui. Nulla pretium lectus nisl, et condimentum nibh auctor id. Cras quam erat, vestibulum quis erat eget, vulputate pharetra purus.',4995),(2,'Quisque lacinia','Nunc blandit urna tortor. Praesent blandit sagittis congue. Suspendisse dolor sapien, fermentum nec augue in, scelerisque tincidunt sapien. Curabitur commodo eget augue a venenatis. Ut nec velit vel mi placerat fringilla eu vel est. Etiam purus quam, dictum in efficitur sit amet, bibendum sit amet odio.',2995),(3,'Suspendisse','Duis et ornare ex. Fusce aliquam tempor cursus. Mauris dapibus pulvinar iaculis. Praesent in ligula ut eros suscipit dignissim. Nam finibus bibendum vehicula. Quisque at iaculis lectus, eget tincidunt nisi. Aenean congue aliquam iaculis. Nullam rutrum nulla ut ultricies suscipit.',4450),(4,'Integer congue urna','Interdum et malesuada fames ac ante ipsum primis in faucibus. Phasellus bibendum pretium congue. Quisque ut vehicula nibh. Pellentesque in egestas massa. Lorem ipsum dolor sit amet, consectetur adipiscing elit. Vestibulum pulvinar luctus efficitur. Fusce faucibus ut sem in sodales.',3000),(5,'Sed pellentesque','Maecenas vehicula lobortis suscipit. Aenean enim enim, maximus nec quam nec, aliquet ultricies massa. Aliquam eros libero, iaculis nec lorem vel, sagittis pretium felis. Nam euismod faucibus metus non luctus. Pellentesque habitant morbi tristique senectus et netus et malesuada fames ac turpis egestas. Duis aliquet a quam mollis efficitur. Duis sed diam tempus, gravida enim vitae, condimentum dui.',2499),(6,'Curabitur magna','Lorem ipsum dolor sit amet, consectetur adipiscing elit. Nunc et mi sit amet nunc bibendum fermentum ac non purus. Curabitur vel malesuada ligula. Etiam auctor erat nisi. Proin pharetra diam nec vulputate convallis. Phasellus condimentum lobortis metus eget suscipit. Orci varius natoque penatibus et magnis dis parturient montes, nascetur ridiculus mus.',2595),(9,'Cras porttitor','Proin elementum velit id tellus condimentum gravida. Etiam at porttitor eros. Praesent rutrum, dui nec sodales blandit, sapien arcu molestie nisl, non varius lectus augue at enim. Vestibulum a ipsum ut metus vulputate facilisis.',999),(10,'Duis ultricies','Suspendisse facilisis, diam eu maximus venenatis, odio est lacinia velit, in vulputate nunc ligula et est. Morbi tellus leo, tempor et facilisis ut, vehicula at metus. Sed in augue et mauris placerat elementum quis sed lorem. Donec blandit interdum odio, id aliquam velit dignissim vel. ',9999);
/*!40000 ALTER TABLE `periodical` ENABLE KEYS */;
UNLOCK TABLES;

--
-- Table structure for table `user`
--

DROP TABLE IF EXISTS `user`;
/*!40101 SET @saved_cs_client     = @@character_set_client */;
/*!40101 SET character_set_client = utf8 */;
CREATE TABLE `user` (
  `iduser` int(11) NOT NULL AUTO_INCREMENT,
  `email` varchar(45) NOT NULL,
  `password` varchar(45) NOT NULL,
  `first_name` varchar(45) NOT NULL,
  `second_name` varchar(45) NOT NULL,
  `balance` int(11) unsigned NOT NULL,
  `role` enum('ADMIN','USER') NOT NULL,
  PRIMARY KEY (`iduser`),
  UNIQUE KEY `iduser_UNIQUE` (`iduser`),
  UNIQUE KEY `email_UNIQUE` (`email`)
) ENGINE=InnoDB AUTO_INCREMENT=24 DEFAULT CHARSET=utf8;
/*!40101 SET character_set_client = @saved_cs_client */;

--
-- Dumping data for table `user`
--

LOCK TABLES `user` WRITE;
/*!40000 ALTER TABLE `user` DISABLE KEYS */;
INSERT INTO `user` VALUES (1,'admin@admin.com','123456789','Dima','Koval',2010,'ADMIN'),(2,'user@user.com','123456789','Jack','Johnson',5127,'USER'),(4,'123@123.com','123','qwe','qwe',59506,'USER'),(5,'Jack@mail.com','123','Jack','Jackson',0,'USER'),(9,'dima@koval.com','123','Dima','Koval',0,'USER'),(10,'john@snow.com','123','John','Snow',0,'USER'),(11,'harry@potter.com','m23','Harry','Potter',1020,'USER'),(17,'new_user@mail.com','123456789','','',405,'USER'),(18,'another_user@mail.com','123456789','','',0,'USER'),(22,'katya.pushkarova@mail.com','123456789','Katya','Pushkarova',0,'USER');
/*!40000 ALTER TABLE `user` ENABLE KEYS */;
UNLOCK TABLES;

--
-- Table structure for table `user_has_article`
--

DROP TABLE IF EXISTS `user_has_article`;
/*!40101 SET @saved_cs_client     = @@character_set_client */;
/*!40101 SET character_set_client = utf8 */;
CREATE TABLE `user_has_article` (
  `iduser` int(11) NOT NULL,
  `idarticle` int(11) NOT NULL,
  `is_read` tinyint(4) NOT NULL,
  PRIMARY KEY (`iduser`,`idarticle`)
) ENGINE=InnoDB DEFAULT CHARSET=utf8;
/*!40101 SET character_set_client = @saved_cs_client */;

--
-- Dumping data for table `user_has_article`
--

LOCK TABLES `user_has_article` WRITE;
/*!40000 ALTER TABLE `user_has_article` DISABLE KEYS */;
INSERT INTO `user_has_article` VALUES (2,1,1),(2,2,1),(2,3,1),(2,4,1),(2,9,1),(2,10,1),(2,11,1),(2,12,1),(2,13,1),(2,14,1),(2,15,1),(2,16,1),(2,19,1),(2,20,1),(2,21,1),(2,22,1),(2,23,1),(2,24,1),(2,26,1),(2,28,1),(2,29,0),(2,30,0),(2,31,1),(2,33,1),(2,34,1),(2,35,0),(4,1,1),(4,2,1),(4,3,1),(4,4,1),(4,9,1),(4,10,1),(4,11,1),(4,12,1),(4,13,1),(4,14,1),(4,16,1),(4,19,1),(4,20,1),(4,21,1),(4,22,1),(4,23,1),(4,24,1),(4,26,0),(4,28,0),(4,29,0),(4,30,0),(4,31,1),(4,33,0),(4,34,0),(4,35,0),(11,1,1),(11,2,1),(11,3,1),(11,4,1),(11,5,1),(11,6,1),(11,7,1),(11,8,1),(11,16,1),(11,19,1),(11,20,1),(11,22,1),(11,23,1),(11,26,1),(11,33,0),(11,34,0),(11,35,0);
/*!40000 ALTER TABLE `user_has_article` ENABLE KEYS */;
UNLOCK TABLES;

--
-- Table structure for table `user_has_periodical`
--

DROP TABLE IF EXISTS `user_has_periodical`;
/*!40101 SET @saved_cs_client     = @@character_set_client */;
/*!40101 SET character_set_client = utf8 */;
CREATE TABLE `user_has_periodical` (
  `iduser` int(11) NOT NULL,
  `idperiodical` int(11) NOT NULL,
  PRIMARY KEY (`iduser`,`idperiodical`)
) ENGINE=InnoDB DEFAULT CHARSET=utf8;
/*!40101 SET character_set_client = @saved_cs_client */;

--
-- Dumping data for table `user_has_periodical`
--

LOCK TABLES `user_has_periodical` WRITE;
/*!40000 ALTER TABLE `user_has_periodical` DISABLE KEYS */;
INSERT INTO `user_has_periodical` VALUES (2,1),(2,2),(2,3),(2,9),(4,1),(4,2),(4,3),(11,1),(11,2),(11,4),(17,6);
/*!40000 ALTER TABLE `user_has_periodical` ENABLE KEYS */;
UNLOCK TABLES;
/*!40103 SET TIME_ZONE=@OLD_TIME_ZONE */;

/*!40101 SET SQL_MODE=@OLD_SQL_MODE */;
/*!40014 SET FOREIGN_KEY_CHECKS=@OLD_FOREIGN_KEY_CHECKS */;
/*!40014 SET UNIQUE_CHECKS=@OLD_UNIQUE_CHECKS */;
/*!40101 SET CHARACTER_SET_CLIENT=@OLD_CHARACTER_SET_CLIENT */;
/*!40101 SET CHARACTER_SET_RESULTS=@OLD_CHARACTER_SET_RESULTS */;
/*!40101 SET COLLATION_CONNECTION=@OLD_COLLATION_CONNECTION */;
/*!40111 SET SQL_NOTES=@OLD_SQL_NOTES */;

-- Dump completed on 2018-01-23 15:17:47
